{"dev":[{"id":176,"dataset_id":2,"category_ids":[8],"path":"/datasets/Dekor-CV-v2/01G18BMBPRH07B0BV2THARYAJS.jpeg","width":289,"height":460,"file_name":"01G18BMBPRH07B0BV2THARYAJS.jpeg","annotated":true,"annotating":[],"num_annotations":1,"metadata":{},"milliseconds":87892,"events":[{"_cls":"SessionEvent","user":"mzukovec","milliseconds":2543,"tools_used":[]},{"_cls":"SessionEvent","user":"mzukovec","milliseconds":2745,"tools_used":[]},{"_cls":"SessionEvent","user":"mzukovec","milliseconds":537,"tools_used":[]},{"_cls":"SessionEvent","user":"mzukovec","milliseconds":28497,"tools_used":[]},{"_cls":"SessionEvent","user":"mzukovec","milliseconds":49825,"tools_used":[]},{"_cls":"SessionEvent","user":"mzukovec","milliseconds":3745,"tools_used":[]}],"regenerate_thumbnail":false,"is_modified":false},{"id":177,"dataset_id":2,"category_ids":[8],"path":"/datasets/Dekor-CV-v2/01G18BMBPWBPHYQD8FJ3MY18EC.jpeg","width":515,"height":532,"file_name":"01G18BMBPWBPHYQD8FJ3MY18EC.jpeg","annotated":true,"annotating":[],"num_annotations":2,"metadata":{},"milliseconds":51115,"events":[{"_cls":"SessionEvent","user":"mzukovec","milliseconds":8186,"tools_used":[]},{"_cls":"SessionEvent","user":"mzukovec","milliseconds":42929,"tools_used":[]}],"regenerate_thumbnail":false,"is_modified":false},{"id":178,"dataset_id":2,"category_ids":[8],"path":"/datasets/Dekor-CV-v2/01G18BMBTKNZVXREK4468K0Q1B.jpeg","width":783,"height":1212,"file_name":"01G18BMBTKNZVXREK4468K0Q1B.jpeg","annotated":true,"annotating":[],"num_annotations":1,"metadata":{},"milliseconds":46755,"events":[{"_cls":"SessionEvent","user":"mzukovec","milliseconds":43609,"tools_used":[]},{"_cls":"SessionEvent","user":"mzukovec","milliseconds":3146,"tools_used":[]}],"regenerate_thumbnail":false,"is_modified":false},{"id":179,"dataset_id":2,"category_ids":[8],"path":"/datasets/Dekor-CV-v2/01G18BMBXFDT18XSF6SSEZ3JER.jpeg","width":285,"height":285,"file_name":"01G18BMBXFDT18XSF6SSEZ3JER.jpeg","annotated":true,"annotating":[],"num_annotations":2,"metadata":{},"milliseconds":124117,"events":[{"_cls":"SessionEvent","user":"mzukovec","milliseconds":103913,"tools_used":[]},{"_cls":"SessionEvent","user":"mzukovec","milliseconds":19520,"tools_used":[]},{"_cls":"SessionEvent","user":"mzukovec","milliseconds":684,"tools_used":[]}],"regenerate_thumbnail":false,"is_modified":false},{"id":180,"dataset_id":2,"category_ids":[8],"path":"/datasets/Dekor-CV-v2/01G18BMC46AKFM1Q91MSXQ5YJ5.jpeg","width":500,"height":500,"file_name":"01G18BMC46AKFM1Q91MSXQ5YJ5.jpeg","annotated":true,"annotating":[],"num_annotations":2,"metadata":{},"milliseconds":119256,"events":[{"_cls":"SessionEvent","user":"mzukovec","milliseconds":22831,"tools_used":[]},{"_cls":"SessionEvent","user":"mzukovec","milliseconds":41266,"tools_used":[]},{"_cls":"SessionEvent","user":"mzukovec","milliseconds":55159,"tools_used":[]}],"regenerate_thumbnail":false,"is_modified":false},{"id":181,"dataset_id":2,"category_ids":[8],"path":"/datasets/Dekor-CV-v2/01G18BMC6QPN9M7AAB02S0V8C6.jpeg","width":590,"height":380,"file_name":"01G18BMC6QPN9M7AAB02S0V8C6.jpeg","annotated":true,"annotating":[],"num_annotations":3,"metadata":{},"milliseconds":1723,"events":[{"_cls":"SessionEvent","user":"mzukovec","milliseconds":1723,"tools_used":[]}],"regenerate_thumbnail":false,"is_modified":false},{"id":182,"dataset_id":2,"category_ids":[8],"path":"/datasets/Dekor-CV-v2/01G18BMC9QSE9XJ6A5GNWSP57G.jpeg","width":183,"height":275,"file_name":"01G18BMC9QSE9XJ6A5GNWSP57G.jpeg","annotated":true,"annotating":[],"num_annotations":2,"metadata":{},"milliseconds":0,"events":[],"regenerate_thumbnail":false,"is_modified":false},{"id":183,"dataset_id":2,"category_ids":[8],"path":"/datasets/Dekor-CV-v2/01G18BMCPW0GYJNA9VSDRN7AAX.jpeg","width":750,"height":1000,"file_name":"01G18BMCPW0GYJNA9VSDRN7AAX.jpeg","annotated":true,"annotating":[],"num_annotations":1,"metadata":{},"milliseconds":0,"events":[],"regenerate_thumbnail":false,"is_modified":false},{"id":184,"dataset_id":2,"category_ids":[8],"path":"/datasets/Dekor-CV-v2/01G18BMCS2EY28VN83BMBVBJEA.jpeg","width":259,"height":194,"file_name":"01G18BMCS2EY28VN83BMBVBJEA.jpeg","annotated":true,"annotating":[],"num_annotations":2,"metadata":{},"milliseconds":0,"events":[],"regenerate_thumbnail":false,"is_modified":false},{"id":186,"dataset_id":2,"category_ids":[8],"path":"/datasets/Dekor-CV-v2/01G18BMD1S8P93N80AJYSA8731.jpeg","width":564,"height":320,"file_name":"01G18BMD1S8P93N80AJYSA8731.jpeg","annotated":true,"annotating":[],"num_annotations":1,"metadata":{},"milliseconds":0,"events":[],"regenerate_thumbnail":false,"is_modified":false},{"id":187,"dataset_id":2,"category_ids":[8],"path":"/datasets/Dekor-CV-v2/01G18BMD56YX8460XPYPFJ29HP.jpeg","width":773,"height":1030,"file_name":"01G18BMD56YX8460XPYPFJ29HP.jpeg","annotated":true,"annotating":[],"num_annotations":2,"metadata":{},"milliseconds":0,"events":[],"regenerate_thumbnail":false,"is_modified":false},{"id":188,"dataset_id":2,"category_ids":[8],"path":"/datasets/Dekor-CV-v2/01G18BMD6AQDJBP5M0XZZEGJZ3.jpeg","width":768,"height":1156,"file_name":"01G18BMD6AQDJBP5M0XZZEGJZ3.jpeg","annotated":true,"annotating":[],"num_annotations":1,"metadata":{},"milliseconds":0,"events":[],"regenerate_thumbnail":false,"is_modified":false},{"id":189,"dataset_id":2,"category_ids":[8],"path":"/datasets/Dekor-CV-v2/01G18BMDCF5EDYSEHC0ZG4J693.jpeg","width":245,"height":206,"file_name":"01G18BMDCF5EDYSEHC0ZG4J693.jpeg","annotated":true,"annotating":[],"num_annotations":2,"metadata":{},"milliseconds":0,"events":[],"regenerate_thumbnail":false,"is_modified":false},{"id":190,"dataset_id":2,"category_ids":[8],"path":"/datasets/Dekor-CV-v2/01G18BMDDKMRX7GX8JMNTSATCD.jpeg","width":195,"height":258,"file_name":"01G18BMDDKMRX7GX8JMNTSATCD.jpeg","annotated":true,"annotating":[],"num_annotations":1,"metadata":{},"milliseconds":0,"events":[],"regenerate_thumbnail":false,"is_modified":false},{"id":191,"dataset_id":2,"category_ids":[8],"path":"/datasets/Dekor-CV-v2/01G18BMDFF6KZK3D02N79H4N1S.jpeg","width":225,"height":225,"file_name":"01G18BMDFF6KZK3D02N79H4N1S.jpeg","annotated":true,"annotating":[],"num_annotations":2,"metadata":{},"milliseconds":0,"events":[],"regenerate_thumbnail":false,"is_modified":false},{"id":192,"dataset_id":2,"category_ids":[8],"path":"/datasets/Dekor-CV-v2/01G18BMDQ8YB1WETFGMAXBYJN7.jpeg","width":268,"height":188,"file_name":"01G18BMDQ8YB1WETFGMAXBYJN7.jpeg","annotated":true,"annotating":[],"num_annotations":2,"metadata":{},"milliseconds":0,"events":[],"regenerate_thumbnail":false,"is_modified":false},{"id":193,"dataset_id":2,"category_ids":[8],"path":"/datasets/Dekor-CV-v2/01G18BMDS0RXP7V8EVE74R7MV0.jpeg","width":500,"height":425,"file_name":"01G18BMDS0RXP7V8EVE74R7MV0.jpeg","annotated":true,"annotating":[],"num_annotations":3,"metadata":{},"milliseconds":0,"events":[],"regenerate_thumbnail":false,"is_modified":false},{"id":194,"dataset_id":2,"category_ids":[8],"path":"/datasets/Dekor-CV-v2/01G18BMDT1QS0HQF5R2VAWH2SC.jpeg","width":500,"height":350,"file_name":"01G18BMDT1QS0HQF5R2VAWH2SC.jpeg","annotated":true,"annotating":[],"num_annotations":3,"metadata":{},"milliseconds":0,"events":[],"regenerate_thumbnail":false,"is_modified":false},{"id":195,"dataset_id":2,"category_ids":[8],"path":"/datasets/Dekor-CV-v2/01G18BME2S11RYZAS9DD63FKPF.jpeg","width":184,"height":274,"file_name":"01G18BME2S11RYZAS9DD63FKPF.jpeg","annotated":true,"annotating":[],"num_annotations":1,"metadata":{},"milliseconds":0,"events":[],"regenerate_thumbnail":false,"is_modified":false},{"id":196,"dataset_id":2,"category_ids":[8],"path":"/datasets/Dekor-CV-v2/01G18BME7NSYXVMGDX7YXBTJCM.jpeg","width":975,"height":750,"file_name":"01G18BME7NSYXVMGDX7YXBTJCM.jpeg","annotated":true,"annotating":[],"num_annotations":2,"metadata":{},"milliseconds":0,"events":[],"regenerate_thumbnail":false,"is_modified":false},{"id":197,"dataset_id":2,"category_ids":[8],"path":"/datasets/Dekor-CV-v2/01G18BMEGR1DAR09R9H0NGP1RS.jpeg","width":300,"height":300,"file_name":"01G18BMEGR1DAR09R9H0NGP1RS.jpeg","annotated":true,"annotating":[],"num_annotations":2,"metadata":{},"milliseconds":0,"events":[],"regenerate_thumbnail":false,"is_modified":false},{"id":198,"dataset_id":2,"category_ids":[8],"path":"/datasets/Dekor-CV-v2/01G18BMEMDCVWRHA80DEN5YPK1.jpeg","width":1200,"height":700,"file_name":"01G18BMEMDCVWRHA80DEN5YPK1.jpeg","annotated":true,"annotating":[],"num_annotations":1,"metadata":{},"milliseconds":0,"events":[],"regenerate_thumbnail":false,"is_modified":false},{"id":199,"dataset_id":2,"category_ids":[8],"path":"/datasets/Dekor-CV-v2/01G18BMEW6D43TRMQV238D6F6R.jpeg","width":225,"height":225,"file_name":"01G18BMEW6D43TRMQV238D6F6R.jpeg","annotated":true,"annotating":[],"num_annotations":1,"metadata":{},"milliseconds":0,"events":[],"regenerate_thumbnail":false,"is_modified":false},{"id":200,"dataset_id":2,"category_ids":[8],"path":"/datasets/Dekor-CV-v2/01G18BMEXW7RTXBTE6H38R240Y.jpeg","width":310,"height":163,"file_name":"01G18BMEXW7RTXBTE6H38R240Y.jpeg","annotated":true,"annotating":[],"num_annotations":2,"metadata":{},"milliseconds":0,"events":[],"regenerate_thumbnail":false,"is_modified":false},{"id":201,"dataset_id":2,"category_ids":[8],"path":"/datasets/Dekor-CV-v2/01G18BMF800B68GQ81AHDG0ZXB.jpeg","width":1920,"height":1440,"file_name":"01G18BMF800B68GQ81AHDG0ZXB.jpeg","annotated":true,"annotating":[],"num_annotations":2,"metadata":{},"milliseconds":0,"events":[],"regenerate_thumbnail":false,"is_modified":false},{"id":202,"dataset_id":2,"category_ids":[8],"path":"/datasets/Dekor-CV-v2/01G18BMF80YXZ4Z83WN95KC7D6.jpeg","width":225,"height":300,"file_name":"01G18BMF80YXZ4Z83WN95KC7D6.jpeg","annotated":true,"annotating":[],"num_annotations":2,"metadata":{},"milliseconds":0,"events":[],"regenerate_thumbnail":false,"is_modified":false},{"id":203,"dataset_id":2,"category_ids":[8],"path":"/datasets/Dekor-CV-v2/01G18BMF9NCTEMFY6NHD2ZA2H1.jpeg","width":278,"height":181,"file_name":"01G18BMF9NCTEMFY6NHD2ZA2H1.jpeg","annotated":true,"annotating":[],"num_annotations":2,"metadata":{},"milliseconds":0,"events":[],"regenerate_thumbnail":false,"is_modified":false},{"id":204,"dataset_id":2,"category_ids":[8],"path":"/datasets/Dekor-CV-v2/01G18BMFM1CR34Z551RG7VT5PA.jpeg","width":220,"height":229,"file_name":"01G18BMFM1CR34Z551RG7VT5PA.jpeg","annotated":true,"annotating":[],"num_annotations":2,"metadata":{},"milliseconds":0,"events":[],"regenerate_thumbnail":false,"is_modified":false},{"id":205,"dataset_id":2,"category_ids":[8],"path":"/datasets/Dekor-CV-v2/01G18BMFM9Y746AVVVHKQCKNB7.jpeg","width":250,"height":250,"file_name":"01G18BMFM9Y746AVVVHKQCKNB7.jpeg","annotated":true,"annotating":[],"num_annotations":2,"metadata":{},"milliseconds":0,"events":[],"regenerate_thumbnail":false,"is_modified":false},{"id":207,"dataset_id":2,"category_ids":[8],"path":"/datasets/Dekor-CV-v2/01G18BMFWSYBE5QN8597VV0KD3.jpeg","width":275,"height":183,"file_name":"01G18BMFWSYBE5QN8597VV0KD3.jpeg","annotated":true,"annotating":[],"num_annotations":1,"metadata":{},"milliseconds":0,"events":[],"regenerate_thumbnail":false,"is_modified":false},{"id":209,"dataset_id":2,"category_ids":[8],"path":"/datasets/Dekor-CV-v2/01G18BMFZ1TZSJ8P0SE695M8R0.jpeg","width":188,"height":268,"file_name":"01G18BMFZ1TZSJ8P0SE695M8R0.jpeg","annotated":true,"annotating":[],"num_annotations":4,"metadata":{},"milliseconds":0,"events":[],"regenerate_thumbnail":false,"is_modified":false},{"id":210,"dataset_id":2,"category_ids":[8],"path":"/datasets/Dekor-CV-v2/01G18BMG7TKFE885B988QF8S6W.jpeg","width":488,"height":488,"file_name":"01G18BMG7TKFE885B988QF8S6W.jpeg","annotated":true,"annotating":[],"num_annotations":2,"metadata":{},"milliseconds":0,"events":[],"regenerate_thumbnail":false,"is_modified":false},{"id":211,"dataset_id":2,"category_ids":[8],"path":"/datasets/Dekor-CV-v2/01G18BMG9XSXA558PATTDG9ZK9.jpeg","width":276,"height":183,"file_name":"01G18BMG9XSXA558PATTDG9ZK9.jpeg","annotated":true,"annotating":[],"num_annotations":3,"metadata":{},"milliseconds":0,"events":[],"regenerate_thumbnail":false,"is_modified":false},{"id":212,"dataset_id":2,"category_ids":[8],"path":"/datasets/Dekor-CV-v2/01G18BMGDBTX1M7VR6VCCWK1RH.jpeg","width":1024,"height":758,"file_name":"01G18BMGDBTX1M7VR6VCCWK1RH.jpeg","annotated":true,"annotating":[],"num_annotations":2,"metadata":{},"milliseconds":0,"events":[],"regenerate_thumbnail":false,"is_modified":false},{"id":213,"dataset_id":2,"category_ids":[8],"path":"/datasets/Dekor-CV-v2/01G18BMGHHZSCHY13CSSP2HSSK.jpeg","width":245,"height":206,"file_name":"01G18BMGHHZSCHY13CSSP2HSSK.jpeg","annotated":true,"annotating":[],"num_annotations":2,"metadata":{},"milliseconds":0,"events":[],"regenerate_thumbnail":false,"is_modified":false},{"id":214,"dataset_id":2,"category_ids":[8],"path":"/datasets/Dekor-CV-v2/01G18BMGN50J7R8VBA6YSCN98P.jpeg","width":300,"height":300,"file_name":"01G18BMGN50J7R8VBA6YSCN98P.jpeg","annotated":true,"annotating":[],"num_annotations":2,"metadata":{},"milliseconds":0,"events":[],"regenerate_thumbnail":false,"is_modified":false},{"id":215,"dataset_id":2,"category_ids":[8],"path":"/datasets/Dekor-CV-v2/01G18BMGQ4TX89TRYVC7VVB7Q7.jpeg","width":278,"height":300,"file_name":"01G18BMGQ4TX89TRYVC7VVB7Q7.jpeg","annotated":true,"annotating":[],"num_annotations":2,"metadata":{},"milliseconds":0,"events":[],"regenerate_thumbnail":false,"is_modified":false},{"id":216,"dataset_id":2,"category_ids":[8],"path":"/datasets/Dekor-CV-v2/01G18BMGTH6TVGEDNYBM0A4ZVH.jpeg","width":225,"height":225,"file_name":"01G18BMGTH6TVGEDNYBM0A4ZVH.jpeg","annotated":true,"annotating":[],"num_annotations":2,"metadata":{},"milliseconds":0,"events":[],"regenerate_thumbnail":false,"is_modified":false},{"id":217,"dataset_id":2,"category_ids":[8],"path":"/datasets/Dekor-CV-v2/01G18BMH1TMMYERFME3664VW3C.jpeg","width":225,"height":225,"file_name":"01G18BMH1TMMYERFME3664VW3C.jpeg","annotated":true,"annotating":[],"num_annotations":2,"metadata":{},"milliseconds":0,"events":[],"regenerate_thumbnail":false,"is_modified":false},{"id":218,"dataset_id":2,"category_ids":[8],"path":"/datasets/Dekor-CV-v2/01G18BMH6HMVRXZBVJE64GVK1D.jpeg","width":900,"height":600,"file_name":"01G18BMH6HMVRXZBVJE64GVK1D.jpeg","annotated":true,"annotating":[],"num_annotations":2,"metadata":{},"milliseconds":0,"events":[],"regenerate_thumbnail":false,"is_modified":false},{"id":219,"dataset_id":2,"category_ids":[8],"path":"/datasets/Dekor-CV-v2/01G18BMHGNNYF1G62AJ6FQ9TM2.jpeg","width":239,"height":211,"file_name":"01G18BMHGNNYF1G62AJ6FQ9TM2.jpeg","annotated":true,"annotating":[],"num_annotations":2,"metadata":{},"milliseconds":0,"events":[],"regenerate_thumbnail":false,"is_modified":false},{"id":221,"dataset_id":2,"category_ids":[8],"path":"/datasets/Dekor-CV-v2/01G18BMHXN8ZWRMQ7XQW3QA9QG.jpeg","width":275,"height":183,"file_name":"01G18BMHXN8ZWRMQ7XQW3QA9QG.jpeg","annotated":true,"annotating":[],"num_annotations":3,"metadata":{},"milliseconds":0,"events":[],"regenerate_thumbnail":false,"is_modified":false},{"id":222,"dataset_id":2,"category_ids":[8],"path":"/datasets/Dekor-CV-v2/01G18BMHXXJHY3QAN4A57RRWCE.jpeg","width":181,"height":279,"file_name":"01G18BMHXXJHY3QAN4A57RRWCE.jpeg","annotated":true,"annotating":[],"num_annotations":1,"metadata":{},"milliseconds":0,"events":[],"regenerate_thumbnail":false,"is_modified":false},{"id":225,"dataset_id":2,"category_ids":[8],"path":"/datasets/Dekor-CV-v2/01G18BMJHQH8ZHPWEZTQCQ0AEJ.jpeg","width":259,"height":194,"file_name":"01G18BMJHQH8ZHPWEZTQCQ0AEJ.jpeg","annotated":true,"annotating":[],"num_annotations":3,"metadata":{},"milliseconds":0,"events":[],"regenerate_thumbnail":false,"is_modified":false},{"id":226,"dataset_id":2,"category_ids":[8],"path":"/datasets/Dekor-CV-v2/01G18BMJNW2S917CK1FG07T1PJ.jpeg","width":500,"height":354,"file_name":"01G18BMJNW2S917CK1FG07T1PJ.jpeg","annotated":true,"annotating":[],"num_annotations":3,"metadata":{},"milliseconds":0,"events":[],"regenerate_thumbnail":false,"is_modified":false},{"id":227,"dataset_id":2,"category_ids":[8],"path":"/datasets/Dekor-CV-v2/01G18BMJPRNNAR1QA0DK0JRG7H.jpeg","width":2142,"height":2560,"file_name":"01G18BMJPRNNAR1QA0DK0JRG7H.jpeg","annotated":true,"annotating":[],"num_annotations":2,"metadata":{},"milliseconds":0,"events":[],"regenerate_thumbnail":false,"is_modified":false},{"id":228,"dataset_id":2,"category_ids":[8],"path":"/datasets/Dekor-CV-v2/01G18BMJQ6WK33T5GSDKPFBPRA.jpeg","width":500,"height":375,"file_name":"01G18BMJQ6WK33T5GSDKPFBPRA.jpeg","annotated":true,"annotating":[],"num_annotations":3,"metadata":{},"milliseconds":0,"events":[],"regenerate_thumbnail":false,"is_modified":false},{"id":229,"dataset_id":2,"category_ids":[8],"path":"/datasets/Dekor-CV-v2/01G18BMJYNZZAKDCF4G98ZEZND.jpeg","width":500,"height":500,"file_name":"01G18BMJYNZZAKDCF4G98ZEZND.jpeg","annotated":true,"annotating":[],"num_annotations":4,"metadata":{},"milliseconds":0,"events":[],"regenerate_thumbnail":false,"is_modified":false},{"id":230,"dataset_id":2,"category_ids":[8],"path":"/datasets/Dekor-CV-v2/01G18BMK7F3QHC9NDZNRD1WTFT.jpeg","width":500,"height":500,"file_name":"01G18BMK7F3QHC9NDZNRD1WTFT.jpeg","annotated":true,"annotating":[],"num_annotations":2,"metadata":{},"milliseconds":0,"events":[],"regenerate_thumbnail":false,"is_modified":false},{"id":235,"dataset_id":2,"category_ids":[8],"path":"/datasets/Dekor-CV-v2/01G18BMKXJC3JN3PQQ56M1QYP7.jpeg","width":1920,"height":1080,"file_name":"01G18BMKXJC3JN3PQQ56M1QYP7.jpeg","annotated":true,"annotating":[],"num_annotations":3,"metadata":{},"milliseconds":0,"events":[],"regenerate_thumbnail":false,"is_modified":false},{"id":237,"dataset_id":2,"category_ids":[8],"path":"/datasets/Dekor-CV-v2/01G18BMM3MZ6PMJCKWCQAA79CA.jpeg","width":239,"height":211,"file_name":"01G18BMM3MZ6PMJCKWCQAA79CA.jpeg","annotated":true,"annotating":[],"num_annotations":1,"metadata":{},"milliseconds":0,"events":[],"regenerate_thumbnail":false,"is_modified":false},{"id":238,"dataset_id":2,"category_ids":[8],"path":"/datasets/Dekor-CV-v2/01G18BMMVSQBVA0G60P2V0RED4.jpeg","width":814,"height":815,"file_name":"01G18BMMVSQBVA0G60P2V0RED4.jpeg","annotated":true,"annotating":[],"num_annotations":2,"metadata":{},"milliseconds":0,"events":[],"regenerate_thumbnail":false,"is_modified":false},{"id":239,"dataset_id":2,"category_ids":[8],"path":"/datasets/Dekor-CV-v2/01G18BMN0YWW44Y6TWBQW9FEZ7.jpeg","width":800,"height":569,"file_name":"01G18BMN0YWW44Y6TWBQW9FEZ7.jpeg","annotated":true,"annotating":[],"num_annotations":3,"metadata":{},"milliseconds":0,"events":[],"regenerate_thumbnail":false,"is_modified":false},{"id":240,"dataset_id":2,"category_ids":[8],"path":"/datasets/Dekor-CV-v2/01G18BMN5NBA7ZC8W3CX36A49B.jpeg","width":448,"height":336,"file_name":"01G18BMN5NBA7ZC8W3CX36A49B.jpeg","annotated":true,"annotating":[],"num_annotations":2,"metadata":{},"milliseconds":0,"events":[],"regenerate_thumbnail":false,"is_modified":false},{"id":241,"dataset_id":2,"category_ids":[8],"path":"/datasets/Dekor-CV-v2/01G18BMNAQXAYA39RPZTAAFYPA.jpeg","width":194,"height":259,"file_name":"01G18BMNAQXAYA39RPZTAAFYPA.jpeg","annotated":true,"annotating":[],"num_annotations":2,"metadata":{},"milliseconds":0,"events":[],"regenerate_thumbnail":false,"is_modified":false},{"id":242,"dataset_id":2,"category_ids":[8],"path":"/datasets/Dekor-CV-v2/01G18BMNG8EW0P6C01A0W70ARC.jpeg","width":1030,"height":1030,"file_name":"01G18BMNG8EW0P6C01A0W70ARC.jpeg","annotated":true,"annotating":[],"num_annotations":2,"metadata":{},"milliseconds":0,"events":[],"regenerate_thumbnail":false,"is_modified":false},{"id":243,"dataset_id":2,"category_ids":[8],"path":"/datasets/Dekor-CV-v2/01G18BMNJ0YR3Q65EGMN5MBC6F.jpeg","width":400,"height":500,"file_name":"01G18BMNJ0YR3Q65EGMN5MBC6F.jpeg","annotated":true,"annotating":[],"num_annotations":2,"metadata":{},"milliseconds":0,"events":[],"regenerate_thumbnail":false,"is_modified":false},{"id":244,"dataset_id":2,"category_ids":[8],"path":"/datasets/Dekor-CV-v2/01G18BMNW8606RPVKMGEETRC25.jpeg","width":517,"height":690,"file_name":"01G18BMNW8606RPVKMGEETRC25.jpeg","annotated":true,"annotating":[],"num_annotations":1,"metadata":{},"milliseconds":0,"events":[],"regenerate_thumbnail":false,"is_modified":false},{"id":245,"dataset_id":2,"category_ids":[8],"path":"/datasets/Dekor-CV-v2/01G18BMNX4Y4RC4D3HZ1KFMC2N.jpeg","width":517,"height":690,"file_name":"01G18BMNX4Y4RC4D3HZ1KFMC2N.jpeg","annotated":true,"annotating":[],"num_annotations":1,"metadata":{},"milliseconds":0,"events":[],"regenerate_thumbnail":false,"is_modified":false},{"id":247,"dataset_id":2,"category_ids":[8],"path":"/datasets/Dekor-CV-v2/01G18BMP5HN1F25F0V9R359BSD.jpeg","width":600,"height":450,"file_name":"01G18BMP5HN1F25F0V9R359BSD.jpeg","annotated":true,"annotating":[],"num_annotations":2,"metadata":{},"milliseconds":0,"events":[],"regenerate_thumbnail":false,"is_modified":false},{"id":248,"dataset_id":2,"category_ids":[8],"path":"/datasets/Dekor-CV-v2/01G18BMP65C68QBCHC78SWAAPW.jpeg","width":338,"height":600,"file_name":"01G18BMP65C68QBCHC78SWAAPW.jpeg","annotated":true,"annotating":[],"num_annotations":1,"metadata":{},"milliseconds":0,"events":[],"regenerate_thumbnail":false,"is_modified":false},{"id":249,"dataset_id":2,"category_ids":[8],"path":"/datasets/Dekor-CV-v2/01G18BMPEMW1X89FTVE4JQNCMC.jpeg","width":225,"height":225,"file_name":"01G18BMPEMW1X89FTVE4JQNCMC.jpeg","annotated":true,"annotating":[],"num_annotations":2,"metadata":{},"milliseconds":0,"events":[],"regenerate_thumbnail":false,"is_modified":false},{"id":250,"dataset_id":2,"category_ids":[8],"path":"/datasets/Dekor-CV-v2/01G18BMPET113J59QR3RSARCFH.jpeg","width":220,"height":300,"file_name":"01G18BMPET113J59QR3RSARCFH.jpeg","annotated":true,"annotating":[],"num_annotations":1,"metadata":{},"milliseconds":0,"events":[],"regenerate_thumbnail":false,"is_modified":false},{"id":251,"dataset_id":2,"category_ids":[8],"path":"/datasets/Dekor-CV-v2/01G18BMPH5BVNJS960XNCBE7AD.jpeg","width":1200,"height":900,"file_name":"01G18BMPH5BVNJS960XNCBE7AD.jpeg","annotated":true,"annotating":[],"num_annotations":1,"metadata":{},"milliseconds":0,"events":[],"regenerate_thumbnail":false,"is_modified":false},{"id":252,"dataset_id":2,"category_ids":[8],"path":"/datasets/Dekor-CV-v2/01G18BMPT5PM4CHK0EVBJB2SQK.jpeg","width":225,"height":224,"file_name":"01G18BMPT5PM4CHK0EVBJB2SQK.jpeg","annotated":true,"annotating":[],"num_annotations":1,"metadata":{},"milliseconds":0,"events":[],"regenerate_thumbnail":false,"is_modified":false},{"id":253,"dataset_id":2,"category_ids":[8],"path":"/datasets/Dekor-CV-v2/01G18BMPW04FYCMZ2X5XVJPD54.jpeg","width":900,"height":900,"file_name":"01G18BMPW04FYCMZ2X5XVJPD54.jpeg","annotated":true,"annotating":[],"num_annotations":2,"metadata":{},"milliseconds":0,"events":[],"regenerate_thumbnail":false,"is_modified":false}],"categories":[{"id":8,"name":"Window","supercategory":"","color":"#ff8000","metadata":{},"creator":"mzukovec","keypoint_colors":["#d99100","#bf5c4d","#0080c0","#4d8068"],"keypoints":["TopLeft","TopRight","BottomRight","BottomLeft"],"skeleton":[[1,2],[1,4],[2,3],[3,4]]}],"annotations":[{"id":34,"image_id":176,"category_id":8,"dataset_id":2,"segmentation":[[247.1,90.7,247.1,393.6,26.7,393.6,26.7,90.7]],"area":66660,"bbox":[27,91,220,303],"iscrowd":false,"isbbox":true,"creator":"mzukovec","width":289,"height":460,"color":"#6858e1","keypoints":[58,122,2,228,126,2,221,346,2,67,372,2],"metadata":{},"milliseconds":44517,"events":[{"_cls":"SessionEvent","created_at":{"$date":1650645783578},"user":"mzukovec","milliseconds":8620,"tools_used":["BBox","Keypoints","Select","Keypoints","Select"]},{"_cls":"SessionEvent","created_at":{"$date":1650645783578},"user":"mzukovec","milliseconds":35897,"tools_used":["BBox","Keypoints","Select","Keypoints","Select"]}],"num_keypoints":4},{"id":36,"image_id":177,"category_id":8,"dataset_id":2,"segmentation":[[229.4,37.4,229.4,474.9,31.4,474.9,31.4,37.4]],"area":86724,"bbox":[31,37,198,438],"iscrowd":false,"isbbox":true,"creator":"mzukovec","width":515,"height":532,"color":"#d61489","keypoints":[41,51,2,216,56,2,218,459,2,45,462,2],"metadata":{},"milliseconds":33100,"events":[{"_cls":"SessionEvent","created_at":{"$date":1650645856995},"user":"mzukovec","milliseconds":16550,"tools_used":["BBox","Keypoints","Select"]}],"num_keypoints":4},{"id":37,"image_id":177,"category_id":8,"dataset_id":2,"segmentation":[[458.3,49.4,458.3,466.5,276.5,466.5,276.5,49.4]],"area":75658,"bbox":[277,49,181,418],"iscrowd":false,"isbbox":true,"creator":"mzukovec","width":515,"height":532,"color":"#f26f93","keypoints":[282,58,2,445,62,2,445,453,2,283,457,2],"metadata":{},"milliseconds":27012,"events":[{"_cls":"SessionEvent","created_at":{"$date":1650645873545},"user":"mzukovec","milliseconds":13506,"tools_used":["Select","Keypoints","Select"]}],"num_keypoints":4},{"id":38,"image_id":178,"category_id":8,"dataset_id":2,"segmentation":[[631.5,280.4,631.5,979.6,341.9,979.6,341.9,280.4]],"area":203000,"bbox":[342,280,290,700],"iscrowd":false,"isbbox":true,"creator":"mzukovec","width":783,"height":1212,"color":"#e6e674","keypoints":[357,302,2,584,363,2,584,878,2,360,948,2],"metadata":{},"milliseconds":38457,"events":[{"_cls":"SessionEvent","created_at":{"$date":1650645892199},"user":"mzukovec","milliseconds":38457,"tools_used":["BBox","Keypoints","Select"]}],"num_keypoints":4},{"id":39,"image_id":179,"category_id":8,"dataset_id":2,"segmentation":[[141.7,17.5,141.7,166.8,62.4,166.8,62.4,17.5]],"area":11920,"bbox":[62,18,80,149],"iscrowd":false,"isbbox":true,"creator":"mzukovec","width":285,"height":285,"color":"#41eb8f","keypoints":[65,22,2,137,23,2,135,160,2,66,161,2],"metadata":{},"milliseconds":91940,"events":[{"_cls":"SessionEvent","created_at":{"$date":1650645941313},"user":"mzukovec","milliseconds":45970,"tools_used":["BBox","Keypoints","Select","Keypoints","Select","Keypoints","Select","Keypoints","Select","Keypoints","Select","Keypoints","Select","BBox"]}],"num_keypoints":4},{"id":41,"image_id":179,"category_id":8,"dataset_id":2,"segmentation":[[232.9,15.7,232.9,168.3,149,168.3,149,15.7]],"area":12768,"bbox":[149,16,84,152],"iscrowd":false,"isbbox":true,"creator":"mzukovec","width":285,"height":285,"color":"#07f7c1","keypoints":[153,19,2,230,20,2,229,164,2,154,164,2],"metadata":{},"milliseconds":62536,"events":[{"_cls":"SessionEvent","created_at":{"$date":1650645987285},"user":"mzukovec","milliseconds":47326,"tools_used":["BBox","Keypoints","Brush","Magic Wand","Keypoints"]},{"_cls":"SessionEvent","created_at":{"$date":1650646042080},"user":"mzukovec","milliseconds":15210,"tools_used":["Select","Keypoints","Select"]}],"num_keypoints":4},{"id":43,"image_id":180,"category_id":8,"dataset_id":2,"segmentation":[[240.1,59.6,240.1,418,75.8,418,75.8,59.6]],"area":58712,"bbox":[76,60,164,358],"iscrowd":false,"isbbox":true,"creator":"mzukovec","width":500,"height":500,"color":"#e426cc","keypoints":[80,64,2,227,64,2,229,406,2,90,404,2],"metadata":{},"milliseconds":23775,"events":[{"_cls":"SessionEvent","created_at":{"$date":1650646071454},"user":"mzukovec","milliseconds":8668,"tools_used":["BBox","Keypoints"]},{"_cls":"SessionEvent","created_at":{"$date":1650646082303},"user":"mzukovec","milliseconds":15107,"tools_used":["Select","Keypoints","Select"]}],"num_keypoints":4},{"id":44,"image_id":180,"category_id":8,"dataset_id":2,"segmentation":[[245.7,419.9,245.7,51.1,417.7,51.1,417.7,419.9]],"area":63468,"bbox":[246,51,172,369],"iscrowd":false,"isbbox":true,"creator":"mzukovec","width":500,"height":500,"color":"#a377e1","keypoints":[252,62,2,410,62,2,409,415,2,254,413,2],"metadata":{},"milliseconds":24659,"events":[{"_cls":"SessionEvent","created_at":{"$date":1650646097411},"user":"mzukovec","milliseconds":24659,"tools_used":["BBox","Keypoints","Select","Keypoints","Select"]}],"num_keypoints":4},{"id":45,"image_id":181,"category_id":8,"dataset_id":2,"segmentation":[[267.5,17.2,267.5,346.9,120.8,346.9,120.8,17.2]],"area":48510,"bbox":[121,17,147,330],"iscrowd":false,"isbbox":true,"creator":"mzukovec","width":590,"height":380,"color":"#e772cb","keypoints":[129,30,2,253,55,2,252,321,2,127,340,2],"metadata":{},"milliseconds":78789,"events":[{"_cls":"SessionEvent","created_at":{"$date":1650646204722},"user":"mzukovec","milliseconds":26263,"tools_used":["BBox","Keypoints","Select"]}],"num_keypoints":4},{"id":47,"image_id":181,"category_id":8,"dataset_id":2,"segmentation":[[398.5,30.8,398.5,343.6,282.4,343.6,282.4,30.8]],"area":36621,"bbox":[282,31,117,313],"iscrowd":false,"isbbox":true,"creator":"mzukovec","width":590,"height":380,"color":"#e78f0e","keypoints":[289,40,2,386,60,2,383,318,2,288,335,2],"metadata":{},"milliseconds":11832,"events":[{"_cls":"SessionEvent","created_at":{"$date":1650646269022},"user":"mzukovec","milliseconds":3944,"tools_used":["Select"]}],"num_keypoints":4},{"id":49,"image_id":181,"category_id":8,"dataset_id":2,"segmentation":[[494.9,62.9,494.9,316.9,408.4,316.9,408.4,62.9]],"area":22098,"bbox":[408,63,87,254],"iscrowd":false,"isbbox":true,"creator":"mzukovec","width":590,"height":380,"color":"#f53242","keypoints":[415,74,2,486,86,2,486,294,2,415,302,2],"metadata":{},"milliseconds":17320,"events":[{"_cls":"SessionEvent","created_at":{"$date":1650646272967},"user":"mzukovec","milliseconds":8660,"tools_used":["Select","Keypoints","Select"]}],"num_keypoints":4},{"id":50,"image_id":182,"category_id":8,"dataset_id":2,"segmentation":[[80.8,35.7,80.8,231.4,30.3,231.4,30.3,35.7]],"area":9945,"bbox":[30,36,51,195],"iscrowd":false,"isbbox":true,"creator":"mzukovec","width":183,"height":275,"color":"#f91318","keypoints":[37,53,2,73,41,2,75,222,2,41,205,2],"metadata":{},"milliseconds":16874,"events":[{"_cls":"SessionEvent","created_at":{"$date":1650646283726},"user":"mzukovec","milliseconds":16874,"tools_used":["BBox","Keypoints","Select"]}],"num_keypoints":4},{"id":51,"image_id":182,"category_id":8,"dataset_id":2,"segmentation":[[152.9,15.8,152.9,257.8,82.5,257.8,82.5,15.8]],"area":16940,"bbox":[83,16,70,242],"iscrowd":false,"isbbox":true,"creator":"mzukovec","width":183,"height":275,"color":"#cb1ee1","keypoints":[87,40,2,148,22,2,139,249,2,88,224,2],"metadata":{},"milliseconds":24125,"events":[{"_cls":"SessionEvent","created_at":{"$date":1650646300600},"user":"mzukovec","milliseconds":24125,"tools_used":["BBox","Select","Keypoints","Select","Keypoints","Select"]}],"num_keypoints":4},{"id":52,"image_id":183,"category_id":8,"dataset_id":2,"segmentation":[[511.6,53.2,511.6,801.1,189,801.1,189,53.2]],"area":241604,"bbox":[189,53,323,748],"iscrowd":false,"isbbox":true,"creator":"mzukovec","width":750,"height":1000,"color":"#8d28ed","keypoints":[210,103,2,486,155,2,480,723,2,206,760,2],"metadata":{},"milliseconds":20759,"events":[{"_cls":"SessionEvent","created_at":{"$date":1650646336375},"user":"mzukovec","milliseconds":20759,"tools_used":["BBox","Keypoints","Select"]}],"num_keypoints":4},{"id":53,"image_id":184,"category_id":8,"dataset_id":2,"segmentation":[[138.3,25.2,138.3,127.2,65.4,127.2,65.4,25.2]],"area":7446,"bbox":[65,25,73,102],"iscrowd":false,"isbbox":true,"creator":"mzukovec","width":259,"height":194,"color":"#9e541f","keypoints":[70,32,2,134,36,2,135,121,2,70,123,2],"metadata":{},"milliseconds":19218,"events":[{"_cls":"SessionEvent","created_at":{"$date":1650646359761},"user":"mzukovec","milliseconds":19218,"tools_used":["BBox","Keypoints","Select"]}],"num_keypoints":4},{"id":54,"image_id":184,"category_id":8,"dataset_id":2,"segmentation":[[200.1,25.6,200.1,127.2,156.8,127.2,156.8,25.6]],"area":4343,"bbox":[157,26,43,101],"iscrowd":false,"isbbox":true,"creator":"mzukovec","width":259,"height":194,"color":"#21d082","keypoints":[158,27,2,197,39,2,195,119,2,158,124,2],"metadata":{},"milliseconds":28993,"events":[{"_cls":"SessionEvent","created_at":{"$date":1650646378979},"user":"mzukovec","milliseconds":28993,"tools_used":["BBox","Keypoints","Select"]}],"num_keypoints":4},{"id":55,"image_id":186,"category_id":8,"dataset_id":2,"segmentation":[[316.1,12.4,316.1,286.7,70.1,286.7,70.1,12.4]],"area":67650,"bbox":[70,12,246,275],"iscrowd":false,"isbbox":true,"creator":"mzukovec","width":564,"height":320,"color":"#bd074e","keypoints":[81,28,2,307,71,2,291,242,2,88,266,2],"metadata":{},"milliseconds":59067,"events":[{"_cls":"SessionEvent","created_at":{"$date":1650646445725},"user":"mzukovec","milliseconds":19689,"tools_used":["Select","Keypoints","Select"]}],"num_keypoints":4},{"id":56,"image_id":187,"category_id":8,"dataset_id":2,"segmentation":[[592.8,171.4,592.8,397.8,170.8,397.8,170.8,171.4]],"area":95794,"bbox":[171,171,422,227],"iscrowd":false,"isbbox":true,"creator":"mzukovec","width":773,"height":1030,"color":"#5adba5","keypoints":[185,195,2,576,210,2,572,371,2,189,368,2],"metadata":{},"milliseconds":18414,"events":[{"_cls":"SessionEvent","created_at":{"$date":1650646467590},"user":"mzukovec","milliseconds":18414,"tools_used":["BBox","Keypoints","Select"]}],"num_keypoints":4},{"id":57,"image_id":187,"category_id":8,"dataset_id":2,"segmentation":[[589.2,419.9,589.2,796.7,196.6,796.7,196.6,419.9]],"area":147784,"bbox":[197,420,392,377],"iscrowd":false,"isbbox":true,"creator":"mzukovec","width":773,"height":1030,"color":"#bf265e","keypoints":[210,438,2,581,438,2,553,767,2,217,790,2],"metadata":{},"milliseconds":21803,"events":[{"_cls":"SessionEvent","created_at":{"$date":1650646486005},"user":"mzukovec","milliseconds":21803,"tools_used":["BBox","Keypoints","Select","Keypoints","Select"]}],"num_keypoints":4},{"id":58,"image_id":188,"category_id":8,"dataset_id":2,"segmentation":[[752.4,72,752.4,1052.4,149.4,1052.4,149.4,72]],"area":590940,"bbox":[149,72,603,980],"iscrowd":false,"isbbox":true,"creator":"mzukovec","width":768,"height":1156,"color":"#78e58b","keypoints":[269,148,2,723,186,2,631,926,2,193,1001,2],"metadata":{},"milliseconds":21271,"events":[{"_cls":"SessionEvent","created_at":{"$date":1650646512463},"user":"mzukovec","milliseconds":21271,"tools_used":["BBox","Keypoints","Select"]}],"num_keypoints":4},{"id":59,"image_id":189,"category_id":8,"dataset_id":2,"segmentation":[[135.4,9.9,135.4,180.3,24.2,180.3,24.2,9.9]],"area":18870,"bbox":[24,10,111,170],"iscrowd":false,"isbbox":true,"creator":"mzukovec","width":245,"height":206,"color":"#7f2390","keypoints":[31,21,2,129,36,2,128,160,2,33,176,2],"metadata":{},"milliseconds":18182,"events":[{"_cls":"SessionEvent","created_at":{"$date":1650647595799},"user":"mzukovec","milliseconds":18182,"tools_used":["BBox","Keypoints","Select"]}],"num_keypoints":4},{"id":60,"image_id":189,"category_id":8,"dataset_id":2,"segmentation":[[212,30.5,212,155.8,145.6,155.8,145.6,30.5]],"area":8250,"bbox":[146,31,66,125],"iscrowd":false,"isbbox":true,"creator":"mzukovec","width":245,"height":206,"color":"#213ea1","keypoints":[149,39,2,209,46,2,203,147,2,146,156,2],"metadata":{},"milliseconds":0,"events":[],"num_keypoints":4},{"id":61,"image_id":190,"category_id":8,"dataset_id":2,"segmentation":[[164.6,15.7,164.6,250.7,14.6,250.7,14.6,15.7]],"area":35250,"bbox":[15,16,150,235],"iscrowd":false,"isbbox":true,"creator":"mzukovec","width":195,"height":258,"color":"#5a9724","keypoints":[20,23,2,163,27,2,157,245,2,20,246,2],"metadata":{},"milliseconds":19827,"events":[{"_cls":"SessionEvent","created_at":{"$date":1650647754112},"user":"mzukovec","milliseconds":19827,"tools_used":["Select","BBox","Keypoints","Select"]}],"num_keypoints":4},{"id":62,"image_id":191,"category_id":8,"dataset_id":2,"segmentation":[[109.2,20.8,109.2,204.8,28.2,204.8,28.2,20.8]],"area":14904,"bbox":[28,21,81,184],"iscrowd":false,"isbbox":true,"creator":"mzukovec","width":225,"height":225,"color":"#e57c6a","keypoints":[33,31,2,101,25,2,103,201,2,37,195,2],"metadata":{},"milliseconds":53526,"events":[{"_cls":"SessionEvent","created_at":{"$date":1650647782254},"user":"mzukovec","milliseconds":26763,"tools_used":["BBox","Keypoints","Select"]}],"num_keypoints":4},{"id":63,"image_id":191,"category_id":8,"dataset_id":2,"segmentation":[[219.5,10.9,219.5,215.4,123.3,215.4,123.3,10.9]],"area":19788,"bbox":[123,11,97,204],"iscrowd":false,"isbbox":true,"creator":"mzukovec","width":225,"height":225,"color":"#1097ad","keypoints":[128,24,2,209,17,2,210,209,2,131,203,2],"metadata":{},"milliseconds":28600,"events":[{"_cls":"SessionEvent","created_at":{"$date":1650647809018},"user":"mzukovec","milliseconds":14300,"tools_used":["Select","Keypoints","Select"]}],"num_keypoints":4},{"id":64,"image_id":192,"category_id":8,"dataset_id":2,"segmentation":[[120.3,37,120.3,163.6,71.6,163.6,71.6,37]],"area":6096,"bbox":[72,37,48,127],"iscrowd":false,"isbbox":true,"creator":"mzukovec","width":268,"height":188,"color":"#0c7fbe","keypoints":[75,42,2,115,38,2,116,158,2,75,155,2],"metadata":{},"milliseconds":16429,"events":[{"_cls":"SessionEvent","created_at":{"$date":1650647825893},"user":"mzukovec","milliseconds":16429,"tools_used":["BBox","Keypoints","Select","BBox"]}],"num_keypoints":4},{"id":65,"image_id":192,"category_id":8,"dataset_id":2,"segmentation":[[210.1,23.4,210.1,168.1,145.5,168.1,145.5,23.4]],"area":9280,"bbox":[146,23,64,145],"iscrowd":false,"isbbox":true,"creator":"mzukovec","width":268,"height":188,"color":"#f67321","keypoints":[151,33,2,203,28,2,202,164,2,152,160,2],"metadata":{},"milliseconds":18665,"events":[{"_cls":"SessionEvent","created_at":{"$date":1650647842323},"user":"mzukovec","milliseconds":18665,"tools_used":["BBox","Keypoints","Select","BBox"]}],"num_keypoints":4},{"id":66,"image_id":193,"category_id":8,"dataset_id":2,"segmentation":[[169.2,73.4,169.2,333.7,47.4,333.7,47.4,73.4]],"area":31842,"bbox":[47,73,122,261],"iscrowd":false,"isbbox":true,"creator":"mzukovec","width":500,"height":425,"color":"#9e2487","keypoints":[58,83,2,162,81,2,160,323,2,56,321,2],"metadata":{},"milliseconds":13080,"events":[{"_cls":"SessionEvent","created_at":{"$date":1650647910439},"user":"mzukovec","milliseconds":6540,"tools_used":["Select","BBox"]}],"num_keypoints":4},{"id":67,"image_id":193,"category_id":8,"dataset_id":2,"segmentation":[[305.3,68.7,305.3,338.5,181.1,338.5,181.1,68.7]],"area":33480,"bbox":[181,69,124,270],"iscrowd":false,"isbbox":true,"creator":"mzukovec","width":500,"height":425,"color":"#f13b27","keypoints":[187,80,2,298,77,2,296,327,2,184,325,2],"metadata":{},"milliseconds":8370,"events":[{"_cls":"SessionEvent","created_at":{"$date":1650647916979},"user":"mzukovec","milliseconds":4185,"tools_used":["BBox"]}],"num_keypoints":4},{"id":68,"image_id":193,"category_id":8,"dataset_id":2,"segmentation":[[447.8,67.9,447.8,336.9,314.1,336.9,314.1,67.9]],"area":36046,"bbox":[314,68,134,269],"iscrowd":false,"isbbox":true,"creator":"mzukovec","width":500,"height":425,"color":"#71cee5","keypoints":[324,78,2,440,75,2,438,331,2,321,327,2],"metadata":{},"milliseconds":8432,"events":[{"_cls":"SessionEvent","created_at":{"$date":1650647921164},"user":"mzukovec","milliseconds":4216,"tools_used":["BBox"]}],"num_keypoints":4},{"id":69,"image_id":194,"category_id":8,"dataset_id":2,"segmentation":[[177.6,42.7,177.6,291.3,49.2,291.3,49.2,42.7]],"area":31992,"bbox":[49,43,129,248],"iscrowd":false,"isbbox":true,"creator":"mzukovec","width":500,"height":350,"color":"#1691a4","keypoints":[53,47,2,174,47,2,173,287,2,54,286,2],"metadata":{},"milliseconds":23697,"events":[{"_cls":"SessionEvent","created_at":{"$date":1650647940869},"user":"mzukovec","milliseconds":7899,"tools_used":["Keypoints","Select"]}],"num_keypoints":4},{"id":72,"image_id":194,"category_id":8,"dataset_id":2,"segmentation":[[317.4,44.6,317.4,293.1,184,293.1,184,44.6]],"area":32984,"bbox":[184,45,133,248],"iscrowd":false,"isbbox":true,"creator":"mzukovec","width":500,"height":350,"color":"#50d6a5","keypoints":[189,47,2,313,47,2,311,287,2,189,286,2],"metadata":{},"milliseconds":15722,"events":[{"_cls":"SessionEvent","created_at":{"$date":1650647948768},"user":"mzukovec","milliseconds":7861,"tools_used":["Select","Keypoints","Select"]}],"num_keypoints":4},{"id":73,"image_id":194,"category_id":8,"dataset_id":2,"segmentation":[[451.2,45.5,451.2,291.3,325.6,291.3,325.6,45.5]],"area":30625,"bbox":[326,46,125,245],"iscrowd":false,"isbbox":true,"creator":"mzukovec","width":500,"height":350,"color":"#9dd133","keypoints":[328,47,2,449,48,2,448,287,2,328,287,2],"metadata":{},"milliseconds":52346,"events":[{"_cls":"SessionEvent","created_at":{"$date":1650647956630},"user":"mzukovec","milliseconds":26173,"tools_used":["Select","Keypoints","Select"]}],"num_keypoints":4},{"id":74,"image_id":195,"category_id":8,"dataset_id":2,"segmentation":[[143.9,48.8,143.9,225.9,54.8,225.9,54.8,48.8]],"area":15753,"bbox":[55,49,89,177],"iscrowd":false,"isbbox":true,"creator":"mzukovec","width":184,"height":274,"color":"#ca76e7","keypoints":[60,56,2,136,68,2,135,213,2,58,221,2],"metadata":{},"milliseconds":15285,"events":[{"_cls":"SessionEvent","created_at":{"$date":1650647985229},"user":"mzukovec","milliseconds":15285,"tools_used":["BBox","Keypoints","Select","BBox"]}],"num_keypoints":4},{"id":75,"image_id":196,"category_id":8,"dataset_id":2,"segmentation":[],"area":0,"bbox":[0,0,0,0],"iscrowd":false,"isbbox":false,"creator":"mzukovec","width":975,"height":750,"color":"#8e941f","keypoints":[198,157,2,568,171,2,570,543,2,193,558,2],"metadata":{},"milliseconds":8591,"events":[{"_cls":"SessionEvent","created_at":{"$date":1650648001433},"user":"mzukovec","milliseconds":8591,"tools_used":["BBox","Keypoints","Select"]}],"num_keypoints":4},{"id":76,"image_id":196,"category_id":8,"dataset_id":2,"segmentation":[[846.7,162.1,846.7,543.2,605.1,543.2,605.1,162.1]],"area":92202,"bbox":[605,162,242,381],"iscrowd":false,"isbbox":true,"creator":"mzukovec","width":975,"height":750,"color":"#2cd087","keypoints":[611,170,2,833,176,2,840,534,2,616,539,2],"metadata":{},"milliseconds":19755,"events":[{"_cls":"SessionEvent","created_at":{"$date":1650648010024},"user":"mzukovec","milliseconds":19755,"tools_used":["BBox","Keypoints","Select","BBox"]}],"num_keypoints":4},{"id":77,"image_id":197,"category_id":8,"dataset_id":2,"segmentation":[[143.1,30.5,143.1,249,60.5,249,60.5,30.5]],"area":17876,"bbox":[61,31,82,218],"iscrowd":false,"isbbox":true,"creator":"mzukovec","width":300,"height":300,"color":"#1dc4fb","keypoints":[68,36,2,137,35,2,137,243,2,67,240,2],"metadata":{},"milliseconds":14544,"events":[{"_cls":"SessionEvent","created_at":{"$date":1650648057636},"user":"mzukovec","milliseconds":4848,"tools_used":["BBox"]}],"num_keypoints":4},{"id":78,"image_id":197,"category_id":8,"dataset_id":2,"segmentation":[[239,29.2,239,250.9,155.8,250.9,155.8,29.2]],"area":18426,"bbox":[156,29,83,222],"iscrowd":false,"isbbox":true,"creator":"mzukovec","width":300,"height":300,"color":"#75ec6d","keypoints":[162,35,2,235,34,2,234,245,2,160,243,2],"metadata":{},"milliseconds":35186,"events":[{"_cls":"SessionEvent","created_at":{"$date":1650648040043},"user":"mzukovec","milliseconds":17593,"tools_used":["Select","Keypoints","Select","BBox"]}],"num_keypoints":4},{"id":79,"image_id":198,"category_id":8,"dataset_id":2,"segmentation":[[1027.9,34.5,1027.9,650,650.1,650,650.1,34.5]],"area":232470,"bbox":[650,35,378,615],"iscrowd":false,"isbbox":true,"creator":"mzukovec","width":1200,"height":700,"color":"#2590c2","keypoints":[737,85,2,1007,190,2,976,471,2,695,587,2],"metadata":{},"milliseconds":42701,"events":[{"_cls":"SessionEvent","created_at":{"$date":1650648064600},"user":"mzukovec","milliseconds":42701,"tools_used":["BBox","Keypoints","Select"]}],"num_keypoints":4},{"id":80,"image_id":199,"category_id":8,"dataset_id":2,"segmentation":[[182.2,24.3,182.2,188.2,83.2,188.2,83.2,24.3]],"area":16236,"bbox":[83,24,99,164],"iscrowd":false,"isbbox":true,"creator":"mzukovec","width":225,"height":225,"color":"#1330b0","keypoints":[87,29,2,180,27,2,176,182,2,93,181,2],"metadata":{},"milliseconds":11489,"events":[{"_cls":"SessionEvent","created_at":{"$date":1650648109648},"user":"mzukovec","milliseconds":11489,"tools_used":["BBox","Keypoints","Select","BBox"]}],"num_keypoints":4},{"id":81,"image_id":200,"category_id":8,"dataset_id":2,"segmentation":[[114.2,8.7,114.2,155.4,31.2,155.4,31.2,8.7]],"area":12118,"bbox":[31,9,83,146],"iscrowd":false,"isbbox":true,"creator":"mzukovec","width":310,"height":163,"color":"#e751ed","keypoints":[37,24,2,110,15,2,108,151,2,34,144,2],"metadata":{},"milliseconds":13914,"events":[{"_cls":"SessionEvent","created_at":{"$date":1650648123107},"user":"mzukovec","milliseconds":13914,"tools_used":["BBox","Keypoints","Select","BBox"]}],"num_keypoints":4},{"id":82,"image_id":200,"category_id":8,"dataset_id":2,"segmentation":[[228.1,3.6,228.1,162.4,117.7,162.4,117.7,3.6]],"area":17380,"bbox":[118,4,110,158],"iscrowd":false,"isbbox":true,"creator":"mzukovec","width":310,"height":163,"color":"#8b61fc","keypoints":[124,18,2,228,4,2,225,160,2,122,148,2],"metadata":{},"milliseconds":17006,"events":[{"_cls":"SessionEvent","created_at":{"$date":1650648137021},"user":"mzukovec","milliseconds":17006,"tools_used":["BBox","Keypoints","Select"]}],"num_keypoints":4},{"id":83,"image_id":201,"category_id":8,"dataset_id":2,"segmentation":[[1162.6,188.9,1162.6,923.2,628.8,923.2,628.8,188.9]],"area":391956,"bbox":[629,189,534,734],"iscrowd":false,"isbbox":true,"creator":"mzukovec","width":1920,"height":1440,"color":"#1ab58f","keypoints":[652,235,2,1115,264,2,1138,893,2,666,903,2],"metadata":{},"milliseconds":38050,"events":[{"_cls":"SessionEvent","created_at":{"$date":1650648157979},"user":"mzukovec","milliseconds":19025,"tools_used":["BBox","Keypoints","Select","BBox"]}],"num_keypoints":4},{"id":84,"image_id":201,"category_id":8,"dataset_id":2,"segmentation":[[1173.5,950.4,1173.5,1145.4,620.2,1145.4,620.2,950.4]],"area":108030,"bbox":[620,950,554,195],"iscrowd":false,"isbbox":true,"creator":"mzukovec","width":1920,"height":1440,"color":"#04faf3","keypoints":[634,974,2,1152,962,2,1158,1123,2,639,1150,2],"metadata":{},"milliseconds":21594,"events":[{"_cls":"SessionEvent","created_at":{"$date":1650648177005},"user":"mzukovec","milliseconds":10797,"tools_used":["BBox","Keypoints","Select","BBox"]}],"num_keypoints":4},{"id":85,"image_id":202,"category_id":8,"dataset_id":2,"segmentation":[[111.4,66.2,111.4,245,28,245,28,66.2]],"area":14857,"bbox":[28,66,83,179],"iscrowd":false,"isbbox":true,"creator":"mzukovec","width":225,"height":300,"color":"#8b60ee","keypoints":[33,71,2,110,80,2,108,227,2,33,238,2],"metadata":{},"milliseconds":32306,"events":[{"_cls":"SessionEvent","created_at":{"$date":1650648190776},"user":"mzukovec","milliseconds":16153,"tools_used":["BBox","Keypoints","Select","BBox"]}],"num_keypoints":4},{"id":86,"image_id":202,"category_id":8,"dataset_id":2,"segmentation":[[193.3,71.5,193.3,234,119.8,234,119.8,71.5]],"area":11826,"bbox":[120,72,73,162],"iscrowd":false,"isbbox":true,"creator":"mzukovec","width":225,"height":300,"color":"#739fe8","keypoints":[125,77,2,190,85,2,183,219,2,122,229,2],"metadata":{},"milliseconds":25304,"events":[{"_cls":"SessionEvent","created_at":{"$date":1650648206930},"user":"mzukovec","milliseconds":12652,"tools_used":["BBox","Keypoints","Select","BBox"]}],"num_keypoints":4},{"id":87,"image_id":203,"category_id":8,"dataset_id":2,"segmentation":[[170.3,3,170.3,169.3,58.2,169.3,58.2,3]],"area":18592,"bbox":[58,3,112,166],"iscrowd":false,"isbbox":true,"creator":"mzukovec","width":278,"height":181,"color":"#6a6dde","keypoints":[60,7,2,164,31,2,168,143,2,60,165,2],"metadata":{},"milliseconds":25600,"events":[{"_cls":"SessionEvent","created_at":{"$date":1650648223644},"user":"mzukovec","milliseconds":12800,"tools_used":["BBox","Keypoints","Select","BBox"]}],"num_keypoints":4},{"id":88,"image_id":203,"category_id":8,"dataset_id":2,"segmentation":[[214.4,35.1,214.4,142.2,167.8,142.2,167.8,35.1]],"area":4922,"bbox":[168,35,46,107],"iscrowd":false,"isbbox":true,"creator":"mzukovec","width":278,"height":181,"color":"#ed64a2","keypoints":[171,41,2,197,45,2,210,130,2,176,137,2],"metadata":{},"milliseconds":23028,"events":[{"_cls":"SessionEvent","created_at":{"$date":1650648236444},"user":"mzukovec","milliseconds":11514,"tools_used":["BBox","Keypoints","Select","BBox"]}],"num_keypoints":4},{"id":89,"image_id":204,"category_id":8,"dataset_id":2,"segmentation":[[97,42.3,97,189.5,32,189.5,32,42.3]],"area":9620,"bbox":[32,42,65,148],"iscrowd":false,"isbbox":true,"creator":"mzukovec","width":220,"height":229,"color":"#14efa7","keypoints":[41,56,2,93,45,2,94,185,2,42,183,2],"metadata":{},"milliseconds":27932,"events":[{"_cls":"SessionEvent","created_at":{"$date":1650648250497},"user":"mzukovec","milliseconds":13966,"tools_used":["BBox","Keypoints","Select","BBox"]}],"num_keypoints":4},{"id":90,"image_id":204,"category_id":8,"dataset_id":2,"segmentation":[[182.3,23.1,182.3,196.1,99.4,196.1,99.4,23.1]],"area":14359,"bbox":[99,23,83,173],"iscrowd":false,"isbbox":true,"creator":"mzukovec","width":220,"height":229,"color":"#52c61a","keypoints":[105,41,2,173,27,2,175,188,2,108,185,2],"metadata":{},"milliseconds":22722,"events":[{"_cls":"SessionEvent","created_at":{"$date":1650648264463},"user":"mzukovec","milliseconds":11361,"tools_used":["BBox","Keypoints","Select","BBox"]}],"num_keypoints":4},{"id":91,"image_id":205,"category_id":8,"dataset_id":2,"segmentation":[[126.4,50.8,126.4,205.9,42.1,205.9,42.1,50.8]],"area":13020,"bbox":[42,51,84,155],"iscrowd":false,"isbbox":true,"creator":"mzukovec","width":250,"height":250,"color":"#6574ef","keypoints":[48,58,2,120,57,2,120,191,2,49,192,2],"metadata":{},"milliseconds":18780,"events":[{"_cls":"SessionEvent","created_at":{"$date":1650648279194},"user":"mzukovec","milliseconds":9390,"tools_used":["BBox","Keypoints","Select","BBox"]}],"num_keypoints":4},{"id":92,"image_id":205,"category_id":8,"dataset_id":2,"segmentation":[[206.8,51.5,206.8,200.5,126,200.5,126,51.5]],"area":12069,"bbox":[126,52,81,149],"iscrowd":false,"isbbox":true,"creator":"mzukovec","width":250,"height":250,"color":"#d34f68","keypoints":[130,55,2,203,57,2,201,194,2,130,195,2],"metadata":{},"milliseconds":19548,"events":[{"_cls":"SessionEvent","created_at":{"$date":1650648288585},"user":"mzukovec","milliseconds":9774,"tools_used":["BBox","Keypoints","Select","BBox"]}],"num_keypoints":4},{"id":93,"image_id":207,"category_id":8,"dataset_id":2,"segmentation":[[177.4,10.3,177.4,173.1,85.5,173.1,85.5,10.3]],"area":14833,"bbox":[86,10,91,163],"iscrowd":false,"isbbox":true,"creator":"mzukovec","width":275,"height":183,"color":"#d6178c","keypoints":[91,15,2,172,13,2,173,168,2,90,165,2],"metadata":{},"milliseconds":11488,"events":[{"_cls":"SessionEvent","created_at":{"$date":1650648311925},"user":"mzukovec","milliseconds":11488,"tools_used":["BBox","Keypoints","Select","BBox"]}],"num_keypoints":4},{"id":94,"image_id":209,"category_id":8,"dataset_id":2,"segmentation":[[80.8,45.6,80.8,200.7,39.1,200.7,39.1,45.6]],"area":6510,"bbox":[39,46,42,155],"iscrowd":false,"isbbox":true,"creator":"mzukovec","width":188,"height":268,"color":"#51c12e","keypoints":[44,54,2,76,65,2,76,186,2,42,192,2],"metadata":{},"milliseconds":18454,"events":[{"_cls":"SessionEvent","created_at":{"$date":1650648331766},"user":"mzukovec","milliseconds":9227,"tools_used":["BBox","Keypoints","Select","BBox"]}],"num_keypoints":4},{"id":95,"image_id":209,"category_id":8,"dataset_id":2,"segmentation":[[144.2,57.8,144.2,103.9,79.3,103.9,79.3,57.8]],"area":2990,"bbox":[79,58,65,46],"iscrowd":false,"isbbox":true,"creator":"mzukovec","width":188,"height":268,"color":"#3336dc","keypoints":[88,70,2,141,87,2,141,100,2,88,87,2],"metadata":{},"milliseconds":22762,"events":[{"_cls":"SessionEvent","created_at":{"$date":1650648340993},"user":"mzukovec","milliseconds":11381,"tools_used":["BBox","Keypoints","Select","BBox"]}],"num_keypoints":4},{"id":96,"image_id":209,"category_id":8,"dataset_id":2,"segmentation":[[145.9,93.6,145.9,191.2,78.3,191.2,78.3,93.6]],"area":6596,"bbox":[78,94,68,97],"iscrowd":false,"isbbox":true,"creator":"mzukovec","width":188,"height":268,"color":"#f54546","keypoints":[84,97,2,142,109,2,144,178,2,84,189,2],"metadata":{},"milliseconds":21462,"events":[{"_cls":"SessionEvent","created_at":{"$date":1650648352375},"user":"mzukovec","milliseconds":10731,"tools_used":["BBox","Keypoints","Select","BBox"]}],"num_keypoints":4},{"id":97,"image_id":209,"category_id":8,"dataset_id":2,"segmentation":[[171.9,84.5,171.9,183,143.7,183,143.7,84.5]],"area":2744,"bbox":[144,85,28,98],"iscrowd":false,"isbbox":true,"creator":"mzukovec","width":188,"height":268,"color":"#5851e7","keypoints":[148,89,2,161,94,2,163,172,2,151,173,2],"metadata":{},"milliseconds":29860,"events":[{"_cls":"SessionEvent","created_at":{"$date":1650648363107},"user":"mzukovec","milliseconds":14930,"tools_used":["BBox","Keypoints","Select","BBox","Select"]}],"num_keypoints":4},{"id":98,"image_id":210,"category_id":8,"dataset_id":2,"segmentation":[[203.4,41.8,203.4,469.7,45.3,469.7,45.3,41.8]],"area":67624,"bbox":[45,42,158,428],"iscrowd":false,"isbbox":true,"creator":"mzukovec","width":488,"height":488,"color":"#61c6f8","keypoints":[65,65,2,194,44,2,194,451,2,61,441,2],"metadata":{},"milliseconds":23644,"events":[{"_cls":"SessionEvent","created_at":{"$date":1650648382689},"user":"mzukovec","milliseconds":11822,"tools_used":["BBox","Keypoints","Select","BBox"]}],"num_keypoints":4},{"id":99,"image_id":210,"category_id":8,"dataset_id":2,"segmentation":[[434.4,1.2,434.4,484.3,239.6,484.3,239.6,1.2]],"area":93702,"bbox":[240,1,194,483],"iscrowd":false,"isbbox":true,"creator":"mzukovec","width":488,"height":488,"color":"#6c1df1","keypoints":[252,34,2,420,5,2,425,471,2,254,457,2],"metadata":{},"milliseconds":22296,"events":[{"_cls":"SessionEvent","created_at":{"$date":1650648394511},"user":"mzukovec","milliseconds":11148,"tools_used":["BBox","Keypoints","Select"]}],"num_keypoints":4},{"id":100,"image_id":211,"category_id":8,"dataset_id":2,"segmentation":[[83.9,11.2,83.9,162,5,162,5,11.2]],"area":11929,"bbox":[5,11,79,151],"iscrowd":false,"isbbox":true,"creator":"mzukovec","width":276,"height":183,"color":"#9da61b","keypoints":[10,19,2,64,21,2,77,152,2,21,158,2],"metadata":{},"milliseconds":20608,"events":[{"_cls":"SessionEvent","created_at":{"$date":1650648414095},"user":"mzukovec","milliseconds":10304,"tools_used":["BBox","Keypoints","Select","BBox"]}],"num_keypoints":4},{"id":101,"image_id":211,"category_id":8,"dataset_id":2,"segmentation":[[207.4,10.3,207.4,151.5,87.4,151.5,87.4,10.3]],"area":17040,"bbox":[87,10,120,142],"iscrowd":false,"isbbox":true,"creator":"mzukovec","width":276,"height":183,"color":"#cc0ff8","keypoints":[92,16,2,200,21,2,203,138,2,98,155,2],"metadata":{},"milliseconds":21400,"events":[{"_cls":"SessionEvent","created_at":{"$date":1650648424400},"user":"mzukovec","milliseconds":10700,"tools_used":["BBox","Keypoints","Select","BBox"]}],"num_keypoints":4},{"id":102,"image_id":211,"category_id":8,"dataset_id":2,"segmentation":[[242.6,23.9,242.6,132.1,189.2,132.1,189.2,23.9]],"area":5832,"bbox":[189,24,54,108],"iscrowd":false,"isbbox":true,"creator":"mzukovec","width":276,"height":183,"color":"#5bde43","keypoints":[195,29,2,235,28,2,237,127,2,198,124,2],"metadata":{},"milliseconds":16690,"events":[{"_cls":"SessionEvent","created_at":{"$date":1650648435101},"user":"mzukovec","milliseconds":8345,"tools_used":["BBox","Keypoints","Select","BBox"]}],"num_keypoints":4},{"id":103,"image_id":212,"category_id":8,"dataset_id":2,"segmentation":[[506.5,101.4,506.5,619.6,232,619.6,232,101.4]],"area":142725,"bbox":[232,101,275,519],"iscrowd":false,"isbbox":true,"creator":"mzukovec","width":1024,"height":758,"color":"#cd2116","keypoints":[247,119,2,488,127,2,488,590,2,251,602,2],"metadata":{},"milliseconds":17260,"events":[{"_cls":"SessionEvent","created_at":{"$date":1650648446190},"user":"mzukovec","milliseconds":8630,"tools_used":["BBox","Keypoints","Select","BBox"]}],"num_keypoints":4},{"id":104,"image_id":212,"category_id":8,"dataset_id":2,"segmentation":[[832.9,64.4,832.9,634.8,520.1,634.8,520.1,64.4]],"area":178723,"bbox":[520,64,313,571],"iscrowd":false,"isbbox":true,"creator":"mzukovec","width":1024,"height":758,"color":"#0100df","keypoints":[550,108,2,803,126,2,806,593,2,553,613,2],"metadata":{},"milliseconds":17470,"events":[{"_cls":"SessionEvent","created_at":{"$date":1650648454820},"user":"mzukovec","milliseconds":8735,"tools_used":["BBox","Keypoints","Select","BBox"]}],"num_keypoints":4},{"id":105,"image_id":213,"category_id":8,"dataset_id":2,"segmentation":[[112.6,10.4,112.6,188.6,12.1,188.6,12.1,10.4]],"area":18079,"bbox":[12,10,101,179],"iscrowd":false,"isbbox":true,"creator":"mzukovec","width":245,"height":206,"color":"#26d32f","keypoints":[16,19,2,108,21,2,108,181,2,19,185,2],"metadata":{},"milliseconds":17868,"events":[{"_cls":"SessionEvent","created_at":{"$date":1650648466650},"user":"mzukovec","milliseconds":8934,"tools_used":["BBox","Keypoints","Select","BBox"]}],"num_keypoints":4},{"id":106,"image_id":213,"category_id":8,"dataset_id":2,"segmentation":[[238.5,12.8,238.5,184.3,130.5,184.3,130.5,12.8]],"area":18468,"bbox":[131,13,108,171],"iscrowd":false,"isbbox":true,"creator":"mzukovec","width":245,"height":206,"color":"#16b425","keypoints":[146,21,2,232,24,2,217,174,2,136,179,2],"metadata":{},"milliseconds":26850,"events":[{"_cls":"SessionEvent","created_at":{"$date":1650648475585},"user":"mzukovec","milliseconds":13425,"tools_used":["BBox","Keypoints","Select","BBox","Select"]}],"num_keypoints":4},{"id":107,"image_id":214,"category_id":8,"dataset_id":2,"segmentation":[[143.2,23.9,143.2,256.2,59.8,256.2,59.8,23.9]],"area":19256,"bbox":[60,24,83,232],"iscrowd":false,"isbbox":true,"creator":"mzukovec","width":300,"height":300,"color":"#2be0ac","keypoints":[68,36,2,136,35,2,137,242,2,67,240,2],"metadata":{},"milliseconds":28514,"events":[{"_cls":"SessionEvent","created_at":{"$date":1650648493055},"user":"mzukovec","milliseconds":14257,"tools_used":["BBox","Keypoints","Select","BBox"]}],"num_keypoints":4},{"id":108,"image_id":214,"category_id":8,"dataset_id":2,"segmentation":[[242,23.5,242,256.2,151.6,256.2,151.6,23.5]],"area":20880,"bbox":[152,24,90,232],"iscrowd":false,"isbbox":true,"creator":"mzukovec","width":300,"height":300,"color":"#1d88c0","keypoints":[163,35,2,235,35,2,234,244,2,161,243,2],"metadata":{},"milliseconds":14014,"events":[{"_cls":"SessionEvent","created_at":{"$date":1650648507313},"user":"mzukovec","milliseconds":7007,"tools_used":["BBox","Keypoints","Select","BBox"]}],"num_keypoints":4},{"id":109,"image_id":215,"category_id":8,"dataset_id":2,"segmentation":[[137.7,37.1,137.7,226,53.5,226,53.5,37.1]],"area":15876,"bbox":[54,37,84,189],"iscrowd":false,"isbbox":true,"creator":"mzukovec","width":278,"height":300,"color":"#85cd04","keypoints":[57,45,2,134,52,2,134,215,2,57,219,2],"metadata":{},"milliseconds":19808,"events":[{"_cls":"SessionEvent","created_at":{"$date":1650648516235},"user":"mzukovec","milliseconds":9904,"tools_used":["BBox","Keypoints","Select","BBox"]}],"num_keypoints":4},{"id":110,"image_id":215,"category_id":8,"dataset_id":2,"segmentation":[[218.6,42,218.6,220.1,135.5,220.1,135.5,42]],"area":14774,"bbox":[136,42,83,178],"iscrowd":false,"isbbox":true,"creator":"mzukovec","width":278,"height":300,"color":"#d24350","keypoints":[144,52,2,213,59,2,212,212,2,145,215,2],"metadata":{},"milliseconds":21634,"events":[{"_cls":"SessionEvent","created_at":{"$date":1650648526140},"user":"mzukovec","milliseconds":10817,"tools_used":["BBox","Keypoints","Select","BBox"]}],"num_keypoints":4},{"id":111,"image_id":216,"category_id":8,"dataset_id":2,"segmentation":[[104.7,24.8,104.7,206,43.2,206,43.2,24.8]],"area":11222,"bbox":[43,25,62,181],"iscrowd":false,"isbbox":true,"creator":"mzukovec","width":225,"height":225,"color":"#62e3e7","keypoints":[51,32,2,99,27,2,101,199,2,53,195,2],"metadata":{},"milliseconds":20590,"events":[{"_cls":"SessionEvent","created_at":{"$date":1650648540161},"user":"mzukovec","milliseconds":10295,"tools_used":["BBox","Keypoints","Select","BBox"]}],"num_keypoints":4},{"id":112,"image_id":216,"category_id":8,"dataset_id":2,"segmentation":[[180.2,17.8,180.2,210.9,112.7,210.9,112.7,17.8]],"area":12931,"bbox":[113,18,67,193],"iscrowd":false,"isbbox":true,"creator":"mzukovec","width":225,"height":225,"color":"#29ed54","keypoints":[117,23,2,175,18,2,175,207,2,120,202,2],"metadata":{},"milliseconds":17956,"events":[{"_cls":"SessionEvent","created_at":{"$date":1650648550457},"user":"mzukovec","milliseconds":8978,"tools_used":["BBox","Keypoints","Select","BBox"]}],"num_keypoints":4},{"id":113,"image_id":217,"category_id":8,"dataset_id":2,"segmentation":[[104.5,80.2,104.5,180.2,61.8,180.2,61.8,80.2]],"area":4300,"bbox":[62,80,43,100],"iscrowd":false,"isbbox":true,"creator":"mzukovec","width":225,"height":225,"color":"#bb0c92","keypoints":[66,86,2,101,86,2,103,175,2,67,174,2],"metadata":{},"milliseconds":14670,"events":[{"_cls":"SessionEvent","created_at":{"$date":1650648563297},"user":"mzukovec","milliseconds":7335,"tools_used":["BBox","Keypoints","Select","BBox"]}],"num_keypoints":4},{"id":114,"image_id":217,"category_id":8,"dataset_id":2,"segmentation":[[162.9,82,162.9,178.3,118.3,178.3,118.3,82]],"area":4320,"bbox":[118,82,45,96],"iscrowd":false,"isbbox":true,"creator":"mzukovec","width":225,"height":225,"color":"#e56aa7","keypoints":[123,85,2,160,85,2,160,174,2,124,175,2],"metadata":{},"milliseconds":16052,"events":[{"_cls":"SessionEvent","created_at":{"$date":1650648570633},"user":"mzukovec","milliseconds":8026,"tools_used":["BBox","Keypoints","Select","BBox"]}],"num_keypoints":4},{"id":115,"image_id":218,"category_id":8,"dataset_id":2,"segmentation":[[406.6,97.4,406.6,546.5,220.5,546.5,220.5,97.4]],"area":83700,"bbox":[221,97,186,450],"iscrowd":false,"isbbox":true,"creator":"mzukovec","width":900,"height":600,"color":"#c10272","keypoints":[244,122,2,387,107,2,385,521,2,246,510,2],"metadata":{},"milliseconds":24358,"events":[{"_cls":"SessionEvent","created_at":{"$date":1650648582043},"user":"mzukovec","milliseconds":12179,"tools_used":["BBox","Keypoints","Select","BBox"]}],"num_keypoints":4},{"id":116,"image_id":218,"category_id":8,"dataset_id":2,"segmentation":[[716.2,60.9,716.2,564.7,489.5,564.7,489.5,60.9]],"area":113904,"bbox":[490,61,226,504],"iscrowd":false,"isbbox":true,"creator":"mzukovec","width":900,"height":600,"color":"#3ebeed","keypoints":[507,92,2,687,73,2,687,543,2,510,527,2],"metadata":{},"milliseconds":26246,"events":[{"_cls":"SessionEvent","created_at":{"$date":1650648594223},"user":"mzukovec","milliseconds":13123,"tools_used":["BBox","Keypoints","Select","BBox"]}],"num_keypoints":4},{"id":117,"image_id":219,"category_id":8,"dataset_id":2,"segmentation":[[120.2,10.2,120.2,185.7,33,185.7,33,10.2]],"area":15312,"bbox":[33,10,87,176],"iscrowd":false,"isbbox":true,"creator":"mzukovec","width":239,"height":211,"color":"#2231b1","keypoints":[40,24,2,105,30,2,112,171,2,47,170,2],"metadata":{},"milliseconds":19404,"events":[{"_cls":"SessionEvent","created_at":{"$date":1650648610536},"user":"mzukovec","milliseconds":9702,"tools_used":["BBox","Keypoints","Select","BBox"]}],"num_keypoints":4},{"id":118,"image_id":219,"category_id":8,"dataset_id":2,"segmentation":[[196.6,20.2,196.6,183.3,112.2,183.3,112.2,20.2]],"area":13855,"bbox":[112,20,85,163],"iscrowd":false,"isbbox":true,"creator":"mzukovec","width":239,"height":211,"color":"#61e7e9","keypoints":[117,30,2,177,37,2,189,171,2,127,171,2],"metadata":{},"milliseconds":15986,"events":[{"_cls":"SessionEvent","created_at":{"$date":1650648620239},"user":"mzukovec","milliseconds":7993,"tools_used":["BBox","Keypoints","Select","BBox"]}],"num_keypoints":4},{"id":121,"image_id":221,"category_id":8,"dataset_id":2,"segmentation":[[100.8,16.6,100.8,147.2,36,147.2,36,16.6]],"area":8450,"bbox":[36,17,65,130],"iscrowd":false,"isbbox":true,"creator":"mzukovec","width":275,"height":183,"color":"#80d829","keypoints":[43,25,2,98,28,2,96,138,2,44,138,2],"metadata":{},"milliseconds":28010,"events":[{"_cls":"SessionEvent","created_at":{"$date":1650648665067},"user":"mzukovec","milliseconds":14005,"tools_used":["BBox","Keypoints","Select","BBox"]}],"num_keypoints":4},{"id":122,"image_id":221,"category_id":8,"dataset_id":2,"segmentation":[[158.6,23,158.6,142.8,106,142.8,106,23]],"area":6360,"bbox":[106,23,53,120],"iscrowd":false,"isbbox":true,"creator":"mzukovec","width":275,"height":183,"color":"#08bf69","keypoints":[110,29,2,157,31,2,156,137,2,109,137,2],"metadata":{},"milliseconds":20902,"events":[{"_cls":"SessionEvent","created_at":{"$date":1650648679072},"user":"mzukovec","milliseconds":10451,"tools_used":["BBox","Keypoints","Select","BBox"]}],"num_keypoints":4},{"id":123,"image_id":221,"category_id":8,"dataset_id":2,"segmentation":[[216.3,27.2,216.3,143.8,165.6,143.8,165.6,27.2]],"area":5850,"bbox":[166,27,50,117],"iscrowd":false,"isbbox":true,"creator":"mzukovec","width":275,"height":183,"color":"#eb483d","keypoints":[169,32,2,215,35,2,213,136,2,169,137,2],"metadata":{},"milliseconds":16194,"events":[{"_cls":"SessionEvent","created_at":{"$date":1650648689523},"user":"mzukovec","milliseconds":8097,"tools_used":["BBox","Keypoints","Select","BBox"]}],"num_keypoints":4},{"id":124,"image_id":222,"category_id":8,"dataset_id":2,"segmentation":[[141.7,19.6,141.7,243.5,74.9,243.5,74.9,19.6]],"area":15008,"bbox":[75,20,67,224],"iscrowd":false,"isbbox":true,"creator":"mzukovec","width":181,"height":279,"color":"#fd016e","keypoints":[81,28,2,144,49,2,134,213,2,75,239,2],"metadata":{},"milliseconds":8665,"events":[{"_cls":"SessionEvent","created_at":{"$date":1650648700358},"user":"mzukovec","milliseconds":8665,"tools_used":["BBox","Keypoints","Select","BBox"]}],"num_keypoints":4},{"id":125,"image_id":225,"category_id":8,"dataset_id":2,"segmentation":[[72.5,40.6,72.5,163.2,19.7,163.2,19.7,40.6]],"area":6466,"bbox":[20,41,53,122],"iscrowd":false,"isbbox":true,"creator":"mzukovec","width":259,"height":194,"color":"#1c28af","keypoints":[24,46,2,65,43,2,66,154,2,26,152,2],"metadata":{},"milliseconds":16998,"events":[{"_cls":"SessionEvent","created_at":{"$date":1650648716970},"user":"mzukovec","milliseconds":8499,"tools_used":["BBox","Keypoints","Select","BBox"]}],"num_keypoints":4},{"id":126,"image_id":225,"category_id":8,"dataset_id":2,"segmentation":[[138.8,29.5,138.8,167.8,76,167.8,76,29.5]],"area":8694,"bbox":[76,30,63,138],"iscrowd":false,"isbbox":true,"creator":"mzukovec","width":259,"height":194,"color":"#15dfa0","keypoints":[79,35,2,134,29,2,135,163,2,81,161,2],"metadata":{},"milliseconds":16286,"events":[{"_cls":"SessionEvent","created_at":{"$date":1650648725469},"user":"mzukovec","milliseconds":8143,"tools_used":["BBox","Keypoints","Select","BBox"]}],"num_keypoints":4},{"id":127,"image_id":225,"category_id":8,"dataset_id":2,"segmentation":[[211,27.5,211,167.3,143.4,167.3,143.4,27.5]],"area":9452,"bbox":[143,28,68,139],"iscrowd":false,"isbbox":true,"creator":"mzukovec","width":259,"height":194,"color":"#1706b5","keypoints":[148,35,2,203,31,2,207,160,2,150,158,2],"metadata":{},"milliseconds":19870,"events":[{"_cls":"SessionEvent","created_at":{"$date":1650648733613},"user":"mzukovec","milliseconds":9935,"tools_used":["BBox","Keypoints","Select","BBox"]}],"num_keypoints":4},{"id":128,"image_id":226,"category_id":8,"dataset_id":2,"segmentation":[[187.4,20.2,187.4,295.6,89.8,295.6,89.8,20.2]],"area":26772,"bbox":[90,20,97,276],"iscrowd":false,"isbbox":true,"creator":"mzukovec","width":500,"height":354,"color":"#6c4cdc","keypoints":[100,34,2,186,40,2,182,283,2,96,282,2],"metadata":{},"milliseconds":14310,"events":[{"_cls":"SessionEvent","created_at":{"$date":1650648747775},"user":"mzukovec","milliseconds":7155,"tools_used":["BBox","Keypoints","Select","BBox"]}],"num_keypoints":4},{"id":129,"image_id":226,"category_id":8,"dataset_id":2,"segmentation":[[326.4,20.2,326.4,301.6,205.3,301.6,205.3,20.2]],"area":34122,"bbox":[205,20,121,282],"iscrowd":false,"isbbox":true,"creator":"mzukovec","width":500,"height":354,"color":"#72b6ec","keypoints":[216,32,2,325,38,2,320,289,2,212,291,2],"metadata":{},"milliseconds":14594,"events":[{"_cls":"SessionEvent","created_at":{"$date":1650648754930},"user":"mzukovec","milliseconds":7297,"tools_used":["BBox","Keypoints","Select","BBox"]}],"num_keypoints":4},{"id":130,"image_id":226,"category_id":8,"dataset_id":2,"segmentation":[[436,39.1,436,295.6,344.4,295.6,344.4,39.1]],"area":23644,"bbox":[344,39,92,257],"iscrowd":false,"isbbox":true,"creator":"mzukovec","width":500,"height":354,"color":"#2db0f0","keypoints":[353,50,2,427,54,2,426,278,2,350,281,2],"metadata":{},"milliseconds":13066,"events":[{"_cls":"SessionEvent","created_at":{"$date":1650648762227},"user":"mzukovec","milliseconds":6533,"tools_used":["BBox","Keypoints","Select","BBox"]}],"num_keypoints":4},{"id":131,"image_id":227,"category_id":8,"dataset_id":2,"segmentation":[[1034.4,246.1,1034.4,2120.8,378.4,2120.8,378.4,246.1]],"area":1230000,"bbox":[378,246,656,1875],"iscrowd":false,"isbbox":true,"creator":"mzukovec","width":2142,"height":2560,"color":"#eb0485","keypoints":[415,326,2,1028,346,2,991,2061,2,412,2084,2],"metadata":{},"milliseconds":14592,"events":[{"_cls":"SessionEvent","created_at":{"$date":1650648772237},"user":"mzukovec","milliseconds":7296,"tools_used":["BBox","Keypoints","Select","BBox"]}],"num_keypoints":4},{"id":132,"image_id":227,"category_id":8,"dataset_id":2,"segmentation":[[1753.6,256.1,1753.6,2127.5,1124.3,2127.5,1124.3,256.1]],"area":1179360,"bbox":[1124,256,630,1872],"iscrowd":false,"isbbox":true,"creator":"mzukovec","width":2142,"height":2560,"color":"#d82b25","keypoints":[1171,346,2,1754,363,2,1710,2044,2,1148,2061,2],"metadata":{},"milliseconds":13728,"events":[{"_cls":"SessionEvent","created_at":{"$date":1650648779533},"user":"mzukovec","milliseconds":6864,"tools_used":["BBox","Keypoints","Select","BBox"]}],"num_keypoints":4},{"id":133,"image_id":228,"category_id":8,"dataset_id":2,"segmentation":[[167.6,107.3,167.6,292.6,58.8,292.6,58.8,107.3]],"area":20274,"bbox":[59,107,109,186],"iscrowd":false,"isbbox":true,"creator":"mzukovec","width":500,"height":375,"color":"#2989ae","keypoints":[68,120,2,161,116,2,160,279,2,67,275,2],"metadata":{},"milliseconds":19450,"events":[{"_cls":"SessionEvent","created_at":{"$date":1650648788424},"user":"mzukovec","milliseconds":9725,"tools_used":["BBox","Keypoints","Select","BBox"]}],"num_keypoints":4},{"id":134,"image_id":228,"category_id":8,"dataset_id":2,"segmentation":[[301.7,89.7,301.7,306.3,170.5,306.3,170.5,89.7]],"area":28296,"bbox":[171,90,131,216],"iscrowd":false,"isbbox":true,"creator":"mzukovec","width":500,"height":375,"color":"#6af25f","keypoints":[179,110,2,293,103,2,293,292,2,178,286,2],"metadata":{},"milliseconds":15644,"events":[{"_cls":"SessionEvent","created_at":{"$date":1650648798149},"user":"mzukovec","milliseconds":7822,"tools_used":["BBox","Keypoints","Select","BBox"]}],"num_keypoints":4},{"id":135,"image_id":228,"category_id":8,"dataset_id":2,"segmentation":[[459.7,83.8,459.7,313.1,302.7,313.1,302.7,83.8]],"area":35953,"bbox":[303,84,157,229],"iscrowd":false,"isbbox":true,"creator":"mzukovec","width":500,"height":375,"color":"#52d463","keypoints":[314,100,2,447,94,2,448,299,2,314,293,2],"metadata":{},"milliseconds":16950,"events":[{"_cls":"SessionEvent","created_at":{"$date":1650648805971},"user":"mzukovec","milliseconds":8475,"tools_used":["BBox","Keypoints","Select","BBox"]}],"num_keypoints":4},{"id":136,"image_id":229,"category_id":8,"dataset_id":2,"segmentation":[[123.8,89.7,123.8,368.7,26.9,368.7,26.9,89.7]],"area":27063,"bbox":[27,90,97,279],"iscrowd":false,"isbbox":true,"creator":"mzukovec","width":500,"height":500,"color":"#7628eb","keypoints":[49,116,2,115,102,2,115,353,2,54,339,2],"metadata":{},"milliseconds":16292,"events":[{"_cls":"SessionEvent","created_at":{"$date":1650648817181},"user":"mzukovec","milliseconds":8146,"tools_used":["BBox","Keypoints","Select","BBox"]}],"num_keypoints":4},{"id":137,"image_id":229,"category_id":8,"dataset_id":2,"segmentation":[[260.4,63,260.4,181.4,122.5,181.4,122.5,63]],"area":16166,"bbox":[123,63,137,118],"iscrowd":false,"isbbox":true,"creator":"mzukovec","width":500,"height":500,"color":"#e9d919","keypoints":[146,96,2,247,71,2,247,159,2,146,169,2],"metadata":{},"milliseconds":14972,"events":[{"_cls":"SessionEvent","created_at":{"$date":1650648825327},"user":"mzukovec","milliseconds":7486,"tools_used":["BBox","Keypoints","Select","BBox"]}],"num_keypoints":4},{"id":138,"image_id":229,"category_id":8,"dataset_id":2,"segmentation":[[271.5,186.6,271.5,415.5,132.3,415.5,132.3,186.6]],"area":32060,"bbox":[132,187,140,229],"iscrowd":false,"isbbox":true,"creator":"mzukovec","width":500,"height":500,"color":"#0015d7","keypoints":[143,204,2,264,198,2,264,398,2,142,370,2],"metadata":{},"milliseconds":15440,"events":[{"_cls":"SessionEvent","created_at":{"$date":1650648832813},"user":"mzukovec","milliseconds":7720,"tools_used":["BBox","Keypoints","Select","BBox"]}],"num_keypoints":4},{"id":139,"image_id":229,"category_id":8,"dataset_id":2,"segmentation":[[450.3,30.5,450.3,425.3,276.7,425.3,276.7,30.5]],"area":68162,"bbox":[277,31,173,394],"iscrowd":false,"isbbox":true,"creator":"mzukovec","width":500,"height":500,"color":"#16b3d3","keypoints":[295,67,2,437,40,2,436,412,2,297,386,2],"metadata":{},"milliseconds":37904,"events":[{"_cls":"SessionEvent","created_at":{"$date":1650648840534},"user":"mzukovec","milliseconds":18952,"tools_used":["BBox","Keypoints","Select","BBox","Select"]}],"num_keypoints":4},{"id":141,"image_id":230,"category_id":8,"dataset_id":2,"segmentation":[[240.9,27.3,240.9,473.4,131.6,473.4,131.6,27.3]],"area":48614,"bbox":[132,27,109,446],"iscrowd":false,"isbbox":true,"creator":"mzukovec","width":500,"height":500,"color":"#fb66ee","keypoints":[142,45,2,228,42,2,229,455,2,145,454,2],"metadata":{},"milliseconds":10440,"events":[{"_cls":"SessionEvent","created_at":{"$date":1650648861794},"user":"mzukovec","milliseconds":10440,"tools_used":["BBox","Keypoints","Select","BBox"]}],"num_keypoints":4},{"id":142,"image_id":230,"category_id":8,"dataset_id":2,"segmentation":[[371,26.6,371,469.5,253.9,469.5,253.9,26.6]],"area":51831,"bbox":[254,27,117,443],"iscrowd":false,"isbbox":true,"creator":"mzukovec","width":500,"height":500,"color":"#d20a79","keypoints":[271,44,2,355,43,2,357,454,2,272,455,2],"metadata":{},"milliseconds":7281,"events":[{"_cls":"SessionEvent","created_at":{"$date":1650648872234},"user":"mzukovec","milliseconds":7281,"tools_used":["BBox","Keypoints","Select","BBox"]}],"num_keypoints":4},{"id":143,"image_id":235,"category_id":8,"dataset_id":2,"segmentation":[[937.5,60.3,937.5,658.7,496.4,658.7,496.4,60.3]],"area":264758,"bbox":[496,60,442,599],"iscrowd":false,"isbbox":true,"creator":"mzukovec","width":1920,"height":1080,"color":"#ed9d09","keypoints":[513,91,2,939,131,2,929,629,2,525,649,2],"metadata":{},"milliseconds":14102,"events":[{"_cls":"SessionEvent","created_at":{"$date":1650648892507},"user":"mzukovec","milliseconds":7051,"tools_used":["BBox","Keypoints","Select","BBox"]}],"num_keypoints":4},{"id":144,"image_id":235,"category_id":8,"dataset_id":2,"segmentation":[[968.4,675.6,968.4,1078.7,482.4,1078.7,482.4,675.6]],"area":195858,"bbox":[482,676,486,403],"iscrowd":false,"isbbox":true,"creator":"mzukovec","width":1920,"height":1080,"color":"#2bdee3","keypoints":[502,706,2,946,684,2,943,1011,2,508,1067,2],"metadata":{},"milliseconds":22290,"events":[{"_cls":"SessionEvent","created_at":{"$date":1650648899559},"user":"mzukovec","milliseconds":11145,"tools_used":["BBox","Keypoints","Select","BBox"]}],"num_keypoints":4},{"id":145,"image_id":235,"category_id":8,"dataset_id":2,"segmentation":[[1403.9,94,1403.9,1018.3,960,1018.3,960,94]],"area":410256,"bbox":[960,94,444,924],"iscrowd":false,"isbbox":true,"creator":"mzukovec","width":1920,"height":1080,"color":"#0b5ef3","keypoints":[999,111,2,1372,143,2,1324,964,2,978,1004,2],"metadata":{},"milliseconds":24190,"events":[{"_cls":"SessionEvent","created_at":{"$date":1650648910705},"user":"mzukovec","milliseconds":12095,"tools_used":["BBox","Keypoints","Select","BBox","Select"]}],"num_keypoints":4},{"id":146,"image_id":237,"category_id":8,"dataset_id":2,"segmentation":[[160.7,26.3,160.7,188.2,53.1,188.2,53.1,26.3]],"area":17496,"bbox":[53,26,108,162],"iscrowd":false,"isbbox":true,"creator":"mzukovec","width":239,"height":211,"color":"#9820d5","keypoints":[59,33,2,151,47,2,151,173,2,59,180,2],"metadata":{},"milliseconds":11675,"events":[{"_cls":"SessionEvent","created_at":{"$date":1650648926877},"user":"mzukovec","milliseconds":11675,"tools_used":["BBox","Keypoints","Select","BBox"]}],"num_keypoints":4},{"id":147,"image_id":238,"category_id":8,"dataset_id":2,"segmentation":[[369.9,195,369.9,655,167.4,655,167.4,195]],"area":93380,"bbox":[167,195,203,460],"iscrowd":false,"isbbox":true,"creator":"mzukovec","width":814,"height":815,"color":"#2cad22","keypoints":[182,217,2,350,215,2,352,637,2,187,637,2],"metadata":{},"milliseconds":16118,"events":[{"_cls":"SessionEvent","created_at":{"$date":1650648941284},"user":"mzukovec","milliseconds":8059,"tools_used":["BBox","Keypoints","Select","BBox"]}],"num_keypoints":4},{"id":148,"image_id":238,"category_id":8,"dataset_id":2,"segmentation":[[651.9,190.7,651.9,662.5,446.2,662.5,446.2,190.7]],"area":97232,"bbox":[446,191,206,472],"iscrowd":false,"isbbox":true,"creator":"mzukovec","width":814,"height":815,"color":"#dc6db1","keypoints":[459,212,2,631,214,2,633,641,2,457,643,2],"metadata":{},"milliseconds":15560,"events":[{"_cls":"SessionEvent","created_at":{"$date":1650648949344},"user":"mzukovec","milliseconds":7780,"tools_used":["BBox","Keypoints","Select","BBox"]}],"num_keypoints":4},{"id":149,"image_id":239,"category_id":8,"dataset_id":2,"segmentation":[[241.6,165.7,241.6,483.2,172.8,483.2,172.8,165.7]],"area":21873,"bbox":[173,166,69,317],"iscrowd":false,"isbbox":true,"creator":"mzukovec","width":800,"height":569,"color":"#eea973","keypoints":[187,191,2,231,178,2,231,465,2,187,468,2],"metadata":{},"milliseconds":15696,"events":[{"_cls":"SessionEvent","created_at":{"$date":1650648959324},"user":"mzukovec","milliseconds":7848,"tools_used":["BBox","Keypoints","Select","BBox"]}],"num_keypoints":4},{"id":150,"image_id":239,"category_id":8,"dataset_id":2,"segmentation":[[511.8,160.5,511.8,469.9,278.6,469.9,278.6,160.5]],"area":71997,"bbox":[279,161,233,309],"iscrowd":false,"isbbox":true,"creator":"mzukovec","width":800,"height":569,"color":"#0dcc8a","keypoints":[290,169,2,506,167,2,506,459,2,293,463,2],"metadata":{},"milliseconds":16228,"events":[{"_cls":"SessionEvent","created_at":{"$date":1650648967172},"user":"mzukovec","milliseconds":8114,"tools_used":["BBox","Keypoints","Select","BBox"]}],"num_keypoints":4},{"id":151,"image_id":239,"category_id":8,"dataset_id":2,"segmentation":[[630.9,158.3,630.9,495.8,551.7,495.8,551.7,158.3]],"area":26702,"bbox":[552,158,79,338],"iscrowd":false,"isbbox":true,"creator":"mzukovec","width":800,"height":569,"color":"#12daaf","keypoints":[566,177,2,613,192,2,614,465,2,568,462,2],"metadata":{},"milliseconds":14728,"events":[{"_cls":"SessionEvent","created_at":{"$date":1650648975286},"user":"mzukovec","milliseconds":7364,"tools_used":["BBox","Keypoints","Select","BBox"]}],"num_keypoints":4},{"id":152,"image_id":240,"category_id":8,"dataset_id":2,"segmentation":[[233.2,100.9,233.2,300.2,82.4,300.2,82.4,100.9]],"area":30049,"bbox":[82,101,151,199],"iscrowd":false,"isbbox":true,"creator":"mzukovec","width":448,"height":336,"color":"#4bd49a","keypoints":[93,114,2,225,114,2,223,285,2,96,285,2],"metadata":{},"milliseconds":14368,"events":[{"_cls":"SessionEvent","created_at":{"$date":1650648984565},"user":"mzukovec","milliseconds":7184,"tools_used":["BBox","Keypoints","Select","BBox"]}],"num_keypoints":4},{"id":153,"image_id":240,"category_id":8,"dataset_id":2,"segmentation":[[344.2,104,344.2,299.8,240.6,299.8,240.6,104]],"area":20188,"bbox":[241,104,103,196],"iscrowd":false,"isbbox":true,"creator":"mzukovec","width":448,"height":336,"color":"#41ac10","keypoints":[247,112,2,337,114,2,334,287,2,246,285,2],"metadata":{},"milliseconds":15272,"events":[{"_cls":"SessionEvent","created_at":{"$date":1650648991749},"user":"mzukovec","milliseconds":7636,"tools_used":["BBox","Keypoints","Select","BBox"]}],"num_keypoints":4},{"id":154,"image_id":241,"category_id":8,"dataset_id":2,"segmentation":[[110.8,43.1,110.8,245.9,25.2,245.9,25.2,43.1]],"area":17458,"bbox":[25,43,86,203],"iscrowd":false,"isbbox":true,"creator":"mzukovec","width":194,"height":259,"color":"#07e4cd","keypoints":[29,56,2,102,71,2,105,206,2,36,235,2],"metadata":{},"milliseconds":16230,"events":[{"_cls":"SessionEvent","created_at":{"$date":1650649001695},"user":"mzukovec","milliseconds":8115,"tools_used":["BBox","Keypoints","Select","BBox"]}],"num_keypoints":4},{"id":155,"image_id":241,"category_id":8,"dataset_id":2,"segmentation":[[166.1,60.6,166.1,202.1,112.2,202.1,112.2,60.6]],"area":7614,"bbox":[112,61,54,141],"iscrowd":false,"isbbox":true,"creator":"mzukovec","width":194,"height":259,"color":"#94243c","keypoints":[117,74,2,156,80,2,158,185,2,119,199,2],"metadata":{},"milliseconds":21852,"events":[{"_cls":"SessionEvent","created_at":{"$date":1650649009810},"user":"mzukovec","milliseconds":10926,"tools_used":["BBox","Keypoints","Select","BBox","Select"]}],"num_keypoints":4},{"id":156,"image_id":242,"category_id":8,"dataset_id":2,"segmentation":[[440,128.5,440,981.9,154.6,981.9,154.6,128.5]],"area":243105,"bbox":[155,129,285,853],"iscrowd":false,"isbbox":true,"creator":"mzukovec","width":1030,"height":1030,"color":"#d9ac3b","keypoints":[183,171,2,429,137,2,427,900,2,161,885,2],"metadata":{},"milliseconds":14150,"events":[{"_cls":"SessionEvent","created_at":{"$date":1650649023241},"user":"mzukovec","milliseconds":7075,"tools_used":["BBox","Keypoints","Select","BBox"]}],"num_keypoints":4},{"id":157,"image_id":242,"category_id":8,"dataset_id":2,"segmentation":[[781.6,107,781.6,925.6,478.8,925.6,478.8,107]],"area":248157,"bbox":[479,107,303,819],"iscrowd":false,"isbbox":true,"creator":"mzukovec","width":1030,"height":1030,"color":"#0279d4","keypoints":[503,146,2,763,104,2,770,895,2,496,876,2],"metadata":{},"milliseconds":17850,"events":[{"_cls":"SessionEvent","created_at":{"$date":1650649030317},"user":"mzukovec","milliseconds":8925,"tools_used":["BBox","Keypoints","Select","BBox"]}],"num_keypoints":4},{"id":158,"image_id":243,"category_id":8,"dataset_id":2,"segmentation":[[332.7,111.8,332.7,355.7,145.4,355.7,145.4,111.8]],"area":45872,"bbox":[145,112,188,244],"iscrowd":false,"isbbox":true,"creator":"mzukovec","width":400,"height":500,"color":"#59fb8c","keypoints":[155,128,2,318,143,2,318,330,2,156,341,2],"metadata":{},"milliseconds":14782,"events":[{"_cls":"SessionEvent","created_at":{"$date":1650649048056},"user":"mzukovec","milliseconds":7391,"tools_used":["BBox","Keypoints","Select","BBox"]}],"num_keypoints":4},{"id":159,"image_id":243,"category_id":8,"dataset_id":2,"segmentation":[[135.6,98.8,135.6,357.6,11.4,357.6,11.4,98.8]],"area":32375,"bbox":[11,99,125,259],"iscrowd":false,"isbbox":true,"creator":"mzukovec","width":400,"height":500,"color":"#4c90e4","keypoints":[24,121,2,119,128,2,121,342,2,28,348,2],"metadata":{},"milliseconds":7296,"events":[{"_cls":"SessionEvent","created_at":{"$date":1650649040760},"user":"mzukovec","milliseconds":7296,"tools_used":["BBox","Keypoints","Select","BBox"]}],"num_keypoints":4},{"id":160,"image_id":244,"category_id":8,"dataset_id":2,"segmentation":[[418.3,129.2,418.3,582.4,80.8,582.4,80.8,129.2]],"area":152661,"bbox":[81,129,337,453],"iscrowd":false,"isbbox":true,"creator":"mzukovec","width":517,"height":690,"color":"#2f02b3","keypoints":[109,181,2,404,187,2,352,537,2,147,529,2],"metadata":{},"milliseconds":7250,"events":[{"_cls":"SessionEvent","created_at":{"$date":1650649056336},"user":"mzukovec","milliseconds":7250,"tools_used":["BBox","Keypoints","Select","BBox"]}],"num_keypoints":4},{"id":161,"image_id":245,"category_id":8,"dataset_id":2,"segmentation":[[484.7,78,484.7,533,71.8,533,71.8,78]],"area":187915,"bbox":[72,78,413,455],"iscrowd":false,"isbbox":true,"creator":"mzukovec","width":517,"height":690,"color":"#6bc4e5","keypoints":[101,135,2,482,118,2,438,423,2,152,469,2],"metadata":{},"milliseconds":8067,"events":[{"_cls":"SessionEvent","created_at":{"$date":1650649064525},"user":"mzukovec","milliseconds":8067,"tools_used":["BBox","Keypoints","Select","BBox"]}],"num_keypoints":4},{"id":162,"image_id":247,"category_id":8,"dataset_id":2,"segmentation":[[374.9,55.5,374.9,405.6,18.5,405.6,18.5,55.5]],"area":124600,"bbox":[19,56,356,350],"iscrowd":false,"isbbox":true,"creator":"mzukovec","width":600,"height":450,"color":"#eab23f","keypoints":[40,89,2,346,84,2,360,346,2,70,389,2],"metadata":{},"milliseconds":14028,"events":[{"_cls":"SessionEvent","created_at":{"$date":1650649078289},"user":"mzukovec","milliseconds":7014,"tools_used":["BBox","Keypoints","Select","BBox"]}],"num_keypoints":4},{"id":163,"image_id":247,"category_id":8,"dataset_id":2,"segmentation":[[518.3,43.3,518.3,366.9,375.5,366.9,375.5,43.3]],"area":46008,"bbox":[376,43,142,324],"iscrowd":false,"isbbox":true,"creator":"mzukovec","width":600,"height":450,"color":"#dff65f","keypoints":[388,79,2,497,78,2,506,328,2,406,341,2],"metadata":{},"milliseconds":12672,"events":[{"_cls":"SessionEvent","created_at":{"$date":1650649085304},"user":"mzukovec","milliseconds":6336,"tools_used":["BBox","Keypoints","Select","BBox"]}],"num_keypoints":4},{"id":164,"image_id":248,"category_id":8,"dataset_id":2,"segmentation":[[276.3,150.4,276.3,490.6,31.2,490.6,31.2,150.4]],"area":83545,"bbox":[31,150,245,341],"iscrowd":false,"isbbox":true,"creator":"mzukovec","width":338,"height":600,"color":"#b62dd4","keypoints":[53,176,2,263,182,2,243,470,2,81,457,2],"metadata":{},"milliseconds":13674,"events":[{"_cls":"SessionEvent","created_at":{"$date":1650649092925},"user":"mzukovec","milliseconds":13674,"tools_used":["BBox","Keypoints","Select","BBox"]}],"num_keypoints":4},{"id":165,"image_id":249,"category_id":8,"dataset_id":2,"segmentation":[[91.1,16.9,91.1,213,37.3,213,37.3,16.9]],"area":10584,"bbox":[37,17,54,196],"iscrowd":false,"isbbox":true,"creator":"mzukovec","width":225,"height":225,"color":"#8710ad","keypoints":[50,35,2,88,27,2,85,203,2,39,192,2],"metadata":{},"milliseconds":15886,"events":[{"_cls":"SessionEvent","created_at":{"$date":1650649110120},"user":"mzukovec","milliseconds":7943,"tools_used":["BBox","Keypoints","Select","BBox"]}],"num_keypoints":4},{"id":166,"image_id":249,"category_id":8,"dataset_id":2,"segmentation":[[178.6,-0.9,178.6,223.6,102.5,223.6,102.5,-0.9]],"area":17024,"bbox":[103,0,76,224],"iscrowd":false,"isbbox":true,"creator":"mzukovec","width":225,"height":225,"color":"#eb728d","keypoints":[113,18,2,177,2,2,173,220,2,105,207,2],"metadata":{},"milliseconds":14576,"events":[{"_cls":"SessionEvent","created_at":{"$date":1650649118064},"user":"mzukovec","milliseconds":7288,"tools_used":["BBox","Keypoints","Select","BBox"]}],"num_keypoints":4},{"id":167,"image_id":250,"category_id":8,"dataset_id":2,"segmentation":[[176.3,42.9,176.3,252.8,69,252.8,69,42.9]],"area":22470,"bbox":[69,43,107,210],"iscrowd":false,"isbbox":true,"creator":"mzukovec","width":220,"height":300,"color":"#02f4e6","keypoints":[74,69,2,166,74,2,166,228,2,74,235,2],"metadata":{},"milliseconds":7278,"events":[{"_cls":"SessionEvent","created_at":{"$date":1650649126188},"user":"mzukovec","milliseconds":7278,"tools_used":["BBox","Keypoints","Select","BBox"]}],"num_keypoints":4},{"id":168,"image_id":251,"category_id":8,"dataset_id":2,"segmentation":[[1069.4,159.1,1069.4,801.8,591.8,801.8,591.8,159.1]],"area":306711,"bbox":[592,159,477,643],"iscrowd":false,"isbbox":true,"creator":"mzukovec","width":1200,"height":900,"color":"#832bd9","keypoints":[614,190,2,1064,173,2,1061,781,2,616,749,2],"metadata":{},"milliseconds":7984,"events":[{"_cls":"SessionEvent","created_at":{"$date":1650649136565},"user":"mzukovec","milliseconds":7984,"tools_used":["BBox","Keypoints","Select","BBox"]}],"num_keypoints":4},{"id":169,"image_id":252,"category_id":8,"dataset_id":2,"segmentation":[[163.8,9.9,163.8,202.8,67,202.8,67,9.9]],"area":18721,"bbox":[67,10,97,193],"iscrowd":false,"isbbox":true,"creator":"mzukovec","width":225,"height":224,"color":"#cd2d22","keypoints":[75,23,2,156,32,2,155,189,2,75,198,2],"metadata":{},"milliseconds":7405,"events":[{"_cls":"SessionEvent","created_at":{"$date":1650649145230},"user":"mzukovec","milliseconds":7405,"tools_used":["BBox","Keypoints","Select","BBox"]}],"num_keypoints":4},{"id":170,"image_id":253,"category_id":8,"dataset_id":2,"segmentation":[[800,49.1,800,814.7,459.4,814.7,459.4,49.1]],"area":261206,"bbox":[459,49,341,766],"iscrowd":false,"isbbox":true,"creator":"mzukovec","width":900,"height":900,"color":"#dae26c","keypoints":[482,87,2,764,90,2,767,780,2,482,781,2],"metadata":{},"milliseconds":27450,"events":[{"_cls":"SessionEvent","created_at":{"$date":1650649162048},"user":"mzukovec","milliseconds":13725,"tools_used":["BBox","Keypoints","Select","BBox","Select"]}],"num_keypoints":4},{"id":171,"image_id":253,"category_id":8,"dataset_id":2,"segmentation":[[443,72.5,443,819.3,108.2,819.3,108.2,72.5]],"area":249910,"bbox":[108,73,335,746],"iscrowd":false,"isbbox":true,"creator":"mzukovec","width":900,"height":900,"color":"#d63009","keypoints":[134,90,2,416,90,2,415,780,2,135,780,2],"metadata":{},"milliseconds":7573,"events":[{"_cls":"SessionEvent","created_at":{"$date":1650649154476},"user":"mzukovec","milliseconds":7573,"tools_used":["BBox","Keypoints","Select","BBox"]}],"num_keypoints":4}]}